Replicate Name,Protein Name,Peptide Sequence,Transition,Fragment Ion,Peptide Retention Time,Total Ion Current Area,Area
2,CHOYP_ACAA2.1.1|m.30666,QYNLTPLAR,L - y6+,y6,26.23,,104555
4,CHOYP_ACAA2.1.1|m.30666,QYNLTPLAR,L - y6+,y6,26.53,,102855
6,CHOYP_ACAA2.1.1|m.30666,QYNLTPLAR,L - y6+,y6,26.29,,91315
8,CHOYP_ACAA2.1.1|m.30666,QYNLTPLAR,L - y6+,y6,26.57,,79407
9,CHOYP_ACAA2.1.1|m.30666,QYNLTPLAR,L - y6+,y6,26.3,,56154
11,CHOYP_ACAA2.1.1|m.30666,QYNLTPLAR,L - y6+,y6,26.1,,106429
12,CHOYP_ACAA2.1.1|m.30666,QYNLTPLAR,L - y6+,y6,26.1,,144829
14,CHOYP_ACAA2.1.1|m.30666,QYNLTPLAR,L - y6+,y6,#N/A,,#N/A
15,CHOYP_ACAA2.1.1|m.30666,QYNLTPLAR,L - y6+,y6,25.79,,112384
17,CHOYP_ACAA2.1.1|m.30666,QYNLTPLAR,L - y6+,y6,25.86,,70259
18,CHOYP_ACAA2.1.1|m.30666,QYNLTPLAR,L - y6+,y6,25.7,,188342
20,CHOYP_ACAA2.1.1|m.30666,QYNLTPLAR,L - y6+,y6,25.7,,200185
21,CHOYP_ACAA2.1.1|m.30666,QYNLTPLAR,L - y6+,y6,25.79,,192205
23,CHOYP_ACAA2.1.1|m.30666,QYNLTPLAR,L - y6+,y6,25.83,,115547
24,CHOYP_ACAA2.1.1|m.30666,QYNLTPLAR,L - y6+,y6,25.96,,133084
26,CHOYP_ACAA2.1.1|m.30666,QYNLTPLAR,L - y6+,y6,25.76,,72062
27,CHOYP_ACAA2.1.1|m.30666,QYNLTPLAR,L - y6+,y6,#N/A,,#N/A
29,CHOYP_ACAA2.1.1|m.30666,QYNLTPLAR,L - y6+,y6,25.8,,168845
30,CHOYP_ACAA2.1.1|m.30666,QYNLTPLAR,L - y6+,y6,25.63,,113893
32,CHOYP_ACAA2.1.1|m.30666,QYNLTPLAR,L - y6+,y6,25.83,,55877
33,CHOYP_ACAA2.1.1|m.30666,QYNLTPLAR,L - y6+,y6,25.86,,157044
35,CHOYP_ACAA2.1.1|m.30666,QYNLTPLAR,L - y6+,y6,25.59,,158051
36,CHOYP_ACAA2.1.1|m.30666,QYNLTPLAR,L - y6+,y6,25.7,,65494
38,CHOYP_ACAA2.1.1|m.30666,QYNLTPLAR,L - y6+,y6,26.53,,50658
39,CHOYP_ACAA2.1.1|m.30666,QYNLTPLAR,L - y6+,y6,26.03,,42308
40,CHOYP_ACAA2.1.1|m.30666,QYNLTPLAR,L - y6+,y6,25.9,,88366
41,CHOYP_ACAA2.1.1|m.30666,QYNLTPLAR,L - y6+,y6,25.99,,23129
42,CHOYP_ACAA2.1.1|m.30666,QYNLTPLAR,L - y6+,y6,25.8,,100927
44,CHOYP_ACAA2.1.1|m.30666,QYNLTPLAR,L - y6+,y6,25.93,,135544
45,CHOYP_ACAA2.1.1|m.30666,QYNLTPLAR,L - y6+,y6,26,,59596
46,CHOYP_ACAA2.1.1|m.30666,QYNLTPLAR,L - y6+,y6,25.93,,112957
47,CHOYP_ACAA2.1.1|m.30666,QYNLTPLAR,L - y6+,y6,25.96,,159514
48,CHOYP_ACAA2.1.1|m.30666,QYNLTPLAR,L - y6+,y6,25.79,,75700
50,CHOYP_ACAA2.1.1|m.30666,QYNLTPLAR,L - y6+,y6,25.8,,89743
51,CHOYP_ACAA2.1.1|m.30666,QYNLTPLAR,L - y6+,y6,25.86,,77795
52,CHOYP_ACAA2.1.1|m.30666,QYNLTPLAR,L - y6+,y6,25.86,,41051
53,CHOYP_ACAA2.1.1|m.30666,QYNLTPLAR,L - y6+,y6,25.8,,127672
54,CHOYP_ACAA2.1.1|m.30666,QYNLTPLAR,L - y6+,y6,25.73,,48278
56,CHOYP_ACAA2.1.1|m.30666,QYNLTPLAR,L - y6+,y6,25.76,,145494
57,CHOYP_ACAA2.1.1|m.30666,QYNLTPLAR,L - y6+,y6,25.73,,176680
58,CHOYP_ACAA2.1.1|m.30666,QYNLTPLAR,L - y6+,y6,25.89,,82267
59,CHOYP_ACAA2.1.1|m.30666,QYNLTPLAR,L - y6+,y6,25.82,,164818
60,CHOYP_ACAA2.1.1|m.30666,QYNLTPLAR,L - y6+,y6,#N/A,,#N/A
62,CHOYP_ACAA2.1.1|m.30666,QYNLTPLAR,L - y6+,y6,25.99,,105027
63,CHOYP_ACAA2.1.1|m.30666,QYNLTPLAR,L - y6+,y6,25.93,,84164
64,CHOYP_ACAA2.1.1|m.30666,QYNLTPLAR,L - y6+,y6,25.89,,135992
65,CHOYP_ACAA2.1.1|m.30666,QYNLTPLAR,L - y6+,y6,25.79,,82896
66,CHOYP_ACAA2.1.1|m.30666,QYNLTPLAR,L - y6+,y6,25.86,,71415
68,CHOYP_ACAA2.1.1|m.30666,QYNLTPLAR,L - y6+,y6,25.83,,206619
69,CHOYP_ACAA2.1.1|m.30666,QYNLTPLAR,L - y6+,y6,25.96,,115511
70,CHOYP_ACAA2.1.1|m.30666,QYNLTPLAR,L - y6+,y6,25.76,,121153
71,CHOYP_ACAA2.1.1|m.30666,QYNLTPLAR,L - y6+,y6,25.93,,42540
72,CHOYP_ACAA2.1.1|m.30666,QYNLTPLAR,L - y6+,y6,25.86,,81578
76,CHOYP_ACAA2.1.1|m.30666,QYNLTPLAR,L - y6+,y6,25.8,,94135
77,CHOYP_ACAA2.1.1|m.30666,QYNLTPLAR,L - y6+,y6,25.76,,152312
78,CHOYP_ACAA2.1.1|m.30666,QYNLTPLAR,L - y6+,y6,25.93,,63922
80,CHOYP_ACAA2.1.1|m.30666,QYNLTPLAR,L - y6+,y6,25.9,,162017
81,CHOYP_ACAA2.1.1|m.30666,QYNLTPLAR,L - y6+,y6,25.89,,161860
85,CHOYP_ACAA2.1.1|m.30666,QYNLTPLAR,L - y6+,y6,25.79,,96299
94,CHOYP_ACAA2.1.1|m.30666,QYNLTPLAR,L - y6+,y6,25.93,,65760
95,CHOYP_ACAA2.1.1|m.30666,QYNLTPLAR,L - y6+,y6,25.83,,140000
96,CHOYP_ACAA2.1.1|m.30666,QYNLTPLAR,L - y6+,y6,25.96,,48581
97,CHOYP_ACAA2.1.1|m.30666,QYNLTPLAR,L - y6+,y6,25.93,,45165
99,CHOYP_ACAA2.1.1|m.30666,QYNLTPLAR,L - y6+,y6,25.99,,90596
100,CHOYP_ACAA2.1.1|m.30666,QYNLTPLAR,L - y6+,y6,25.8,,186703
101,CHOYP_ACAA2.1.1|m.30666,QYNLTPLAR,L - y6+,y6,25.76,,83028
102,CHOYP_ACAA2.1.1|m.30666,QYNLTPLAR,L - y6+,y6,25.89,,153039
103,CHOYP_ACAA2.1.1|m.30666,QYNLTPLAR,L - y6+,y6,25.86,,44742
105,CHOYP_ACAA2.1.1|m.30666,QYNLTPLAR,L - y6+,y6,25.99,,98823
106,CHOYP_ACAA2.1.1|m.30666,QYNLTPLAR,L - y6+,y6,26.06,,85784
107,CHOYP_ACAA2.1.1|m.30666,QYNLTPLAR,L - y6+,y6,25.86,,169719
108,CHOYP_ACAA2.1.1|m.30666,QYNLTPLAR,L - y6+,y6,25.9,,119130
111,CHOYP_ACAA2.1.1|m.30666,QYNLTPLAR,L - y6+,y6,26.1,,106429
112,CHOYP_ACAA2.1.1|m.30666,QYNLTPLAR,L - y6+,y6,25.82,,184799
113,CHOYP_ACAA2.1.1|m.30666,QYNLTPLAR,L - y6+,y6,25.9,,194963
115,CHOYP_ACAA2.1.1|m.30666,QYNLTPLAR,L - y6+,y6,25.79,,110789
117,CHOYP_ACAA2.1.1|m.30666,QYNLTPLAR,L - y6+,y6,25.86,,74396
118,CHOYP_ACAA2.1.1|m.30666,QYNLTPLAR,L - y6+,y6,25.7,,188342
119,CHOYP_ACAA2.1.1|m.30666,QYNLTPLAR,L - y6+,y6,25.62,,215679
120,CHOYP_ACAA2.1.1|m.30666,QYNLTPLAR,L - y6+,y6,25.7,,199382
121,CHOYP_ACAA2.1.1|m.30666,QYNLTPLAR,L - y6+,y6,25.79,,192205
123,CHOYP_ACAA2.1.1|m.30666,QYNLTPLAR,L - y6+,y6,25.83,,115547
124,CHOYP_ACAA2.1.1|m.30666,QYNLTPLAR,L - y6+,y6,25.96,,136557
125,CHOYP_ACAA2.1.1|m.30666,QYNLTPLAR,L - y6+,y6,25.69,,84048
126,CHOYP_ACAA2.1.1|m.30666,QYNLTPLAR,L - y6+,y6,25.76,,72062
127,CHOYP_ACAA2.1.1|m.30666,QYNLTPLAR,L - y6+,y6,#N/A,,#N/A
129,CHOYP_ACAA2.1.1|m.30666,QYNLTPLAR,L - y6+,y6,25.8,,168845
130,CHOYP_ACAA2.1.1|m.30666,QYNLTPLAR,L - y6+,y6,25.63,,113893
131,CHOYP_ACAA2.1.1|m.30666,QYNLTPLAR,L - y6+,y6,25.79,,99309
132,CHOYP_ACAA2.1.1|m.30666,QYNLTPLAR,L - y6+,y6,25.83,,55877
133,CHOYP_ACAA2.1.1|m.30666,QYNLTPLAR,L - y6+,y6,25.86,,157044
135,CHOYP_ACAA2.1.1|m.30666,QYNLTPLAR,L - y6+,y6,25.59,,158051
136,CHOYP_ACAA2.1.1|m.30666,QYNLTPLAR,L - y6+,y6,25.7,,65494
137,CHOYP_ACAA2.1.1|m.30666,QYNLTPLAR,L - y6+,y6,25.83,,31136
2,CHOYP_ACAA2.1.1|m.30666,QYNLTPLAR,T - y5+,y5,26.23,,240140
4,CHOYP_ACAA2.1.1|m.30666,QYNLTPLAR,T - y5+,y5,26.53,,244058
6,CHOYP_ACAA2.1.1|m.30666,QYNLTPLAR,T - y5+,y5,26.29,,234426
8,CHOYP_ACAA2.1.1|m.30666,QYNLTPLAR,T - y5+,y5,26.57,,238196
9,CHOYP_ACAA2.1.1|m.30666,QYNLTPLAR,T - y5+,y5,26.3,,114051
11,CHOYP_ACAA2.1.1|m.30666,QYNLTPLAR,T - y5+,y5,26.1,,238652
12,CHOYP_ACAA2.1.1|m.30666,QYNLTPLAR,T - y5+,y5,26.1,,357074
14,CHOYP_ACAA2.1.1|m.30666,QYNLTPLAR,T - y5+,y5,#N/A,,#N/A
15,CHOYP_ACAA2.1.1|m.30666,QYNLTPLAR,T - y5+,y5,25.79,,245921
17,CHOYP_ACAA2.1.1|m.30666,QYNLTPLAR,T - y5+,y5,25.86,,165843
18,CHOYP_ACAA2.1.1|m.30666,QYNLTPLAR,T - y5+,y5,25.7,,478828
20,CHOYP_ACAA2.1.1|m.30666,QYNLTPLAR,T - y5+,y5,25.7,,434516
21,CHOYP_ACAA2.1.1|m.30666,QYNLTPLAR,T - y5+,y5,25.79,,481146
23,CHOYP_ACAA2.1.1|m.30666,QYNLTPLAR,T - y5+,y5,25.83,,265885
24,CHOYP_ACAA2.1.1|m.30666,QYNLTPLAR,T - y5+,y5,25.96,,309827
26,CHOYP_ACAA2.1.1|m.30666,QYNLTPLAR,T - y5+,y5,25.76,,174244
27,CHOYP_ACAA2.1.1|m.30666,QYNLTPLAR,T - y5+,y5,#N/A,,#N/A
29,CHOYP_ACAA2.1.1|m.30666,QYNLTPLAR,T - y5+,y5,25.8,,340876
30,CHOYP_ACAA2.1.1|m.30666,QYNLTPLAR,T - y5+,y5,25.63,,248867
32,CHOYP_ACAA2.1.1|m.30666,QYNLTPLAR,T - y5+,y5,25.83,,95253
33,CHOYP_ACAA2.1.1|m.30666,QYNLTPLAR,T - y5+,y5,25.86,,349955
35,CHOYP_ACAA2.1.1|m.30666,QYNLTPLAR,T - y5+,y5,25.59,,366731
36,CHOYP_ACAA2.1.1|m.30666,QYNLTPLAR,T - y5+,y5,25.7,,118584
38,CHOYP_ACAA2.1.1|m.30666,QYNLTPLAR,T - y5+,y5,26.53,,130640
39,CHOYP_ACAA2.1.1|m.30666,QYNLTPLAR,T - y5+,y5,26.03,,90531
40,CHOYP_ACAA2.1.1|m.30666,QYNLTPLAR,T - y5+,y5,25.9,,184319
41,CHOYP_ACAA2.1.1|m.30666,QYNLTPLAR,T - y5+,y5,25.99,,61229
42,CHOYP_ACAA2.1.1|m.30666,QYNLTPLAR,T - y5+,y5,25.8,,257531
44,CHOYP_ACAA2.1.1|m.30666,QYNLTPLAR,T - y5+,y5,25.93,,318629
45,CHOYP_ACAA2.1.1|m.30666,QYNLTPLAR,T - y5+,y5,26,,154440
46,CHOYP_ACAA2.1.1|m.30666,QYNLTPLAR,T - y5+,y5,25.93,,245576
47,CHOYP_ACAA2.1.1|m.30666,QYNLTPLAR,T - y5+,y5,25.96,,390018
48,CHOYP_ACAA2.1.1|m.30666,QYNLTPLAR,T - y5+,y5,25.79,,162190
50,CHOYP_ACAA2.1.1|m.30666,QYNLTPLAR,T - y5+,y5,25.8,,214434
51,CHOYP_ACAA2.1.1|m.30666,QYNLTPLAR,T - y5+,y5,25.86,,177313
52,CHOYP_ACAA2.1.1|m.30666,QYNLTPLAR,T - y5+,y5,25.86,,89411
53,CHOYP_ACAA2.1.1|m.30666,QYNLTPLAR,T - y5+,y5,25.8,,360484
54,CHOYP_ACAA2.1.1|m.30666,QYNLTPLAR,T - y5+,y5,25.73,,113195
56,CHOYP_ACAA2.1.1|m.30666,QYNLTPLAR,T - y5+,y5,25.76,,311711
57,CHOYP_ACAA2.1.1|m.30666,QYNLTPLAR,T - y5+,y5,25.73,,415528
58,CHOYP_ACAA2.1.1|m.30666,QYNLTPLAR,T - y5+,y5,25.89,,225042
59,CHOYP_ACAA2.1.1|m.30666,QYNLTPLAR,T - y5+,y5,25.82,,401091
60,CHOYP_ACAA2.1.1|m.30666,QYNLTPLAR,T - y5+,y5,#N/A,,#N/A
62,CHOYP_ACAA2.1.1|m.30666,QYNLTPLAR,T - y5+,y5,25.99,,267006
63,CHOYP_ACAA2.1.1|m.30666,QYNLTPLAR,T - y5+,y5,25.93,,202134
64,CHOYP_ACAA2.1.1|m.30666,QYNLTPLAR,T - y5+,y5,25.89,,322827
65,CHOYP_ACAA2.1.1|m.30666,QYNLTPLAR,T - y5+,y5,25.79,,206978
66,CHOYP_ACAA2.1.1|m.30666,QYNLTPLAR,T - y5+,y5,25.86,,165401
68,CHOYP_ACAA2.1.1|m.30666,QYNLTPLAR,T - y5+,y5,25.83,,495238
69,CHOYP_ACAA2.1.1|m.30666,QYNLTPLAR,T - y5+,y5,25.96,,302086
70,CHOYP_ACAA2.1.1|m.30666,QYNLTPLAR,T - y5+,y5,25.76,,265767
71,CHOYP_ACAA2.1.1|m.30666,QYNLTPLAR,T - y5+,y5,25.93,,82609
72,CHOYP_ACAA2.1.1|m.30666,QYNLTPLAR,T - y5+,y5,25.86,,185588
76,CHOYP_ACAA2.1.1|m.30666,QYNLTPLAR,T - y5+,y5,25.8,,221760
77,CHOYP_ACAA2.1.1|m.30666,QYNLTPLAR,T - y5+,y5,25.76,,315157
78,CHOYP_ACAA2.1.1|m.30666,QYNLTPLAR,T - y5+,y5,25.93,,147771
80,CHOYP_ACAA2.1.1|m.30666,QYNLTPLAR,T - y5+,y5,25.9,,377375
81,CHOYP_ACAA2.1.1|m.30666,QYNLTPLAR,T - y5+,y5,25.89,,383825
85,CHOYP_ACAA2.1.1|m.30666,QYNLTPLAR,T - y5+,y5,25.79,,205250
94,CHOYP_ACAA2.1.1|m.30666,QYNLTPLAR,T - y5+,y5,25.93,,171451
95,CHOYP_ACAA2.1.1|m.30666,QYNLTPLAR,T - y5+,y5,25.83,,321559
96,CHOYP_ACAA2.1.1|m.30666,QYNLTPLAR,T - y5+,y5,25.96,,111007
97,CHOYP_ACAA2.1.1|m.30666,QYNLTPLAR,T - y5+,y5,25.93,,94223
99,CHOYP_ACAA2.1.1|m.30666,QYNLTPLAR,T - y5+,y5,25.99,,217250
100,CHOYP_ACAA2.1.1|m.30666,QYNLTPLAR,T - y5+,y5,25.8,,406629
101,CHOYP_ACAA2.1.1|m.30666,QYNLTPLAR,T - y5+,y5,25.76,,198187
102,CHOYP_ACAA2.1.1|m.30666,QYNLTPLAR,T - y5+,y5,25.89,,344629
103,CHOYP_ACAA2.1.1|m.30666,QYNLTPLAR,T - y5+,y5,25.86,,71903
105,CHOYP_ACAA2.1.1|m.30666,QYNLTPLAR,T - y5+,y5,25.99,,217002
106,CHOYP_ACAA2.1.1|m.30666,QYNLTPLAR,T - y5+,y5,26.06,,191796
107,CHOYP_ACAA2.1.1|m.30666,QYNLTPLAR,T - y5+,y5,25.86,,381164
108,CHOYP_ACAA2.1.1|m.30666,QYNLTPLAR,T - y5+,y5,25.9,,276897
111,CHOYP_ACAA2.1.1|m.30666,QYNLTPLAR,T - y5+,y5,26.1,,238652
112,CHOYP_ACAA2.1.1|m.30666,QYNLTPLAR,T - y5+,y5,25.82,,447454
113,CHOYP_ACAA2.1.1|m.30666,QYNLTPLAR,T - y5+,y5,25.9,,431515
115,CHOYP_ACAA2.1.1|m.30666,QYNLTPLAR,T - y5+,y5,25.79,,241227
117,CHOYP_ACAA2.1.1|m.30666,QYNLTPLAR,T - y5+,y5,25.86,,175555
118,CHOYP_ACAA2.1.1|m.30666,QYNLTPLAR,T - y5+,y5,25.7,,478828
119,CHOYP_ACAA2.1.1|m.30666,QYNLTPLAR,T - y5+,y5,25.62,,486577
120,CHOYP_ACAA2.1.1|m.30666,QYNLTPLAR,T - y5+,y5,25.7,,433160
121,CHOYP_ACAA2.1.1|m.30666,QYNLTPLAR,T - y5+,y5,25.79,,481146
123,CHOYP_ACAA2.1.1|m.30666,QYNLTPLAR,T - y5+,y5,25.83,,265885
124,CHOYP_ACAA2.1.1|m.30666,QYNLTPLAR,T - y5+,y5,25.96,,312253
125,CHOYP_ACAA2.1.1|m.30666,QYNLTPLAR,T - y5+,y5,25.69,,128244
126,CHOYP_ACAA2.1.1|m.30666,QYNLTPLAR,T - y5+,y5,25.76,,174244
127,CHOYP_ACAA2.1.1|m.30666,QYNLTPLAR,T - y5+,y5,#N/A,,#N/A
129,CHOYP_ACAA2.1.1|m.30666,QYNLTPLAR,T - y5+,y5,25.8,,340876
130,CHOYP_ACAA2.1.1|m.30666,QYNLTPLAR,T - y5+,y5,25.63,,248867
131,CHOYP_ACAA2.1.1|m.30666,QYNLTPLAR,T - y5+,y5,25.79,,180317
132,CHOYP_ACAA2.1.1|m.30666,QYNLTPLAR,T - y5+,y5,25.83,,95253
133,CHOYP_ACAA2.1.1|m.30666,QYNLTPLAR,T - y5+,y5,25.86,,349955
135,CHOYP_ACAA2.1.1|m.30666,QYNLTPLAR,T - y5+,y5,25.59,,366731
136,CHOYP_ACAA2.1.1|m.30666,QYNLTPLAR,T - y5+,y5,25.7,,118584
137,CHOYP_ACAA2.1.1|m.30666,QYNLTPLAR,T - y5+,y5,25.83,,54773
2,PRTC peptides,SSAAPPPPPR,P - y4+,y4,17.28,,90366608
4,PRTC peptides,SSAAPPPPPR,P - y4+,y4,17.52,,83874448
6,PRTC peptides,SSAAPPPPPR,P - y4+,y4,17.28,,73595512
8,PRTC peptides,SSAAPPPPPR,P - y4+,y4,17.62,,95402096
9,PRTC peptides,SSAAPPPPPR,P - y4+,y4,17.48,,93140720
11,PRTC peptides,SSAAPPPPPR,P - y4+,y4,17.19,,48884840
12,PRTC peptides,SSAAPPPPPR,P - y4+,y4,17.09,,65715352
14,PRTC peptides,SSAAPPPPPR,P - y4+,y4,17.21,,54230
15,PRTC peptides,SSAAPPPPPR,P - y4+,y4,16.95,,42442164
17,PRTC peptides,SSAAPPPPPR,P - y4+,y4,16.98,,47476000
18,PRTC peptides,SSAAPPPPPR,P - y4+,y4,16.85,,45069852
20,PRTC peptides,SSAAPPPPPR,P - y4+,y4,16.82,,38292320
21,PRTC peptides,SSAAPPPPPR,P - y4+,y4,17.08,,101383704
23,PRTC peptides,SSAAPPPPPR,P - y4+,y4,17.05,,42428408
24,PRTC peptides,SSAAPPPPPR,P - y4+,y4,17.05,,93123424
26,PRTC peptides,SSAAPPPPPR,P - y4+,y4,16.95,,39756124
27,PRTC peptides,SSAAPPPPPR,P - y4+,y4,17.18,,43332788
29,PRTC peptides,SSAAPPPPPR,P - y4+,y4,17.02,,73276712
30,PRTC peptides,SSAAPPPPPR,P - y4+,y4,16.89,,63250444
32,PRTC peptides,SSAAPPPPPR,P - y4+,y4,16.99,,66566696
33,PRTC peptides,SSAAPPPPPR,P - y4+,y4,16.98,,66959632
35,PRTC peptides,SSAAPPPPPR,P - y4+,y4,16.78,,73842768
36,PRTC peptides,SSAAPPPPPR,P - y4+,y4,16.92,,80280624
38,PRTC peptides,SSAAPPPPPR,P - y4+,y4,17.38,,98718168
39,PRTC peptides,SSAAPPPPPR,P - y4+,y4,17.25,,92183912
40,PRTC peptides,SSAAPPPPPR,P - y4+,y4,17.15,,104744680
41,PRTC peptides,SSAAPPPPPR,P - y4+,y4,17.18,,120525872
42,PRTC peptides,SSAAPPPPPR,P - y4+,y4,16.95,,103174024
44,PRTC peptides,SSAAPPPPPR,P - y4+,y4,17.12,,90358728
45,PRTC peptides,SSAAPPPPPR,P - y4+,y4,17.09,,42735188
46,PRTC peptides,SSAAPPPPPR,P - y4+,y4,17.12,,45170364
47,PRTC peptides,SSAAPPPPPR,P - y4+,y4,17.05,,35211356
48,PRTC peptides,SSAAPPPPPR,P - y4+,y4,16.88,,39526516
50,PRTC peptides,SSAAPPPPPR,P - y4+,y4,16.92,,44269500
51,PRTC peptides,SSAAPPPPPR,P - y4+,y4,16.95,,43600728
52,PRTC peptides,SSAAPPPPPR,P - y4+,y4,16.98,,45039412
53,PRTC peptides,SSAAPPPPPR,P - y4+,y4,16.95,,39963272
54,PRTC peptides,SSAAPPPPPR,P - y4+,y4,16.95,,49160560
56,PRTC peptides,SSAAPPPPPR,P - y4+,y4,16.92,,43610776
57,PRTC peptides,SSAAPPPPPR,P - y4+,y4,16.95,,39700340
58,PRTC peptides,SSAAPPPPPR,P - y4+,y4,17.05,,38975644
59,PRTC peptides,SSAAPPPPPR,P - y4+,y4,17.01,,34760944
60,PRTC peptides,SSAAPPPPPR,P - y4+,y4,17.09,,37855680
62,PRTC peptides,SSAAPPPPPR,P - y4+,y4,17.22,,107803864
63,PRTC peptides,SSAAPPPPPR,P - y4+,y4,17.15,,118051136
64,PRTC peptides,SSAAPPPPPR,P - y4+,y4,17.08,,106377000
65,PRTC peptides,SSAAPPPPPR,P - y4+,y4,17.05,,105463768
66,PRTC peptides,SSAAPPPPPR,P - y4+,y4,17.09,,104933192
68,PRTC peptides,SSAAPPPPPR,P - y4+,y4,17.18,,95990584
69,PRTC peptides,SSAAPPPPPR,P - y4+,y4,17.25,,122866048
70,PRTC peptides,SSAAPPPPPR,P - y4+,y4,16.98,,109330248
71,PRTC peptides,SSAAPPPPPR,P - y4+,y4,17.18,,124014240
72,PRTC peptides,SSAAPPPPPR,P - y4+,y4,17.15,,127909528
76,PRTC peptides,SSAAPPPPPR,P - y4+,y4,17.02,,149859184
77,PRTC peptides,SSAAPPPPPR,P - y4+,y4,17.05,,106882224
78,PRTC peptides,SSAAPPPPPR,P - y4+,y4,17.15,,148042864
80,PRTC peptides,SSAAPPPPPR,P - y4+,y4,17.29,,137808896
81,PRTC peptides,SSAAPPPPPR,P - y4+,y4,17.32,,133307016
85,PRTC peptides,SSAAPPPPPR,P - y4+,y4,16.95,,150305968
94,PRTC peptides,SSAAPPPPPR,P - y4+,y4,17.09,,97095696
95,PRTC peptides,SSAAPPPPPR,P - y4+,y4,16.95,,107615352
96,PRTC peptides,SSAAPPPPPR,P - y4+,y4,17.08,,127154432
97,PRTC peptides,SSAAPPPPPR,P - y4+,y4,16.95,,111044368
99,PRTC peptides,SSAAPPPPPR,P - y4+,y4,17.18,,103086976
100,PRTC peptides,SSAAPPPPPR,P - y4+,y4,17.09,,96632800
101,PRTC peptides,SSAAPPPPPR,P - y4+,y4,16.82,,46170476
102,PRTC peptides,SSAAPPPPPR,P - y4+,y4,16.98,,96146056
103,PRTC peptides,SSAAPPPPPR,P - y4+,y4,16.98,,99452024
105,PRTC peptides,SSAAPPPPPR,P - y4+,y4,17.15,,121102424
106,PRTC peptides,SSAAPPPPPR,P - y4+,y4,17.15,,103673624
107,PRTC peptides,SSAAPPPPPR,P - y4+,y4,17.05,,46190156
108,PRTC peptides,SSAAPPPPPR,P - y4+,y4,17.05,,109118536
111,PRTC peptides,SSAAPPPPPR,P - y4+,y4,17.19,,48884840
112,PRTC peptides,SSAAPPPPPR,P - y4+,y4,16.81,,46981300
113,PRTC peptides,SSAAPPPPPR,P - y4+,y4,17.22,,104678600
115,PRTC peptides,SSAAPPPPPR,P - y4+,y4,16.95,,42442164
117,PRTC peptides,SSAAPPPPPR,P - y4+,y4,16.98,,47476000
118,PRTC peptides,SSAAPPPPPR,P - y4+,y4,16.85,,45069852
119,PRTC peptides,SSAAPPPPPR,P - y4+,y4,16.85,,47724528
120,PRTC peptides,SSAAPPPPPR,P - y4+,y4,16.82,,38292320
121,PRTC peptides,SSAAPPPPPR,P - y4+,y4,17.08,,101383704
123,PRTC peptides,SSAAPPPPPR,P - y4+,y4,17.05,,42428408
124,PRTC peptides,SSAAPPPPPR,P - y4+,y4,17.05,,93123424
125,PRTC peptides,SSAAPPPPPR,P - y4+,y4,16.81,,49047200
126,PRTC peptides,SSAAPPPPPR,P - y4+,y4,16.95,,39756124
127,PRTC peptides,SSAAPPPPPR,P - y4+,y4,17.18,,43332788
129,PRTC peptides,SSAAPPPPPR,P - y4+,y4,17.02,,73276712
130,PRTC peptides,SSAAPPPPPR,P - y4+,y4,16.89,,63250444
131,PRTC peptides,SSAAPPPPPR,P - y4+,y4,17.01,,50253924
132,PRTC peptides,SSAAPPPPPR,P - y4+,y4,16.99,,66566696
133,PRTC peptides,SSAAPPPPPR,P - y4+,y4,16.98,,66959632
135,PRTC peptides,SSAAPPPPPR,P - y4+,y4,16.78,,73842768
136,PRTC peptides,SSAAPPPPPR,P - y4+,y4,16.92,,80280624
137,PRTC peptides,SSAAPPPPPR,P - y4+,y4,16.95,,98146080