100,CHOYP_ACAA2.1.1|m.30666,QYNLTPLAR,L - y6+,y6,25.8,,186703,O30-2,2017_July_10_bivalves_100,C:\Xcalibur\Data\Collaborators\Nunn\Emma\data_378,C:\Xcalibur\Data\Collaborators\Nunn\Emma\methods\Vantage_nanoAcq_oysterYV_60min_DrM27cm,"2:B,2",2,4.29E+07
100,CHOYP_ACAA2.1.1|m.30666,QYNLTPLAR,T - y5+,y5,25.8,,406629,O30-2,2017_July_10_bivalves_100,C:\Xcalibur\Data\Collaborators\Nunn\Emma\data_378,C:\Xcalibur\Data\Collaborators\Nunn\Emma\methods\Vantage_nanoAcq_oysterYV_60min_DrM27cm,"2:B,2",2,4.29E+07
100,PRTC peptides,SSAAPPPPPR,P - y4+,y4,17.09,,96632800,O30-2,2017_July_10_bivalves_100,C:\Xcalibur\Data\Collaborators\Nunn\Emma\data_378,C:\Xcalibur\Data\Collaborators\Nunn\Emma\methods\Vantage_nanoAcq_oysterYV_60min_DrM27cm,"2:B,2",2,4.29E+07
101,CHOYP_ACAA2.1.1|m.30666,QYNLTPLAR,L - y6+,y6,25.76,,83028,O40-2,2017_July_10_bivalves_101,C:\Xcalibur\Data\Collaborators\Nunn\Emma\data_378,C:\Xcalibur\Data\Collaborators\Nunn\Emma\methods\Vantage_nanoAcq_oysterYV_60min_DrM27cm,"2:B,3",2,4.05E+07
101,CHOYP_ACAA2.1.1|m.30666,QYNLTPLAR,T - y5+,y5,25.76,,198187,O40-2,2017_July_10_bivalves_101,C:\Xcalibur\Data\Collaborators\Nunn\Emma\data_378,C:\Xcalibur\Data\Collaborators\Nunn\Emma\methods\Vantage_nanoAcq_oysterYV_60min_DrM27cm,"2:B,3",2,4.05E+07
101,PRTC peptides,SSAAPPPPPR,P - y4+,y4,16.82,,46170476,O40-2,2017_July_10_bivalves_101,C:\Xcalibur\Data\Collaborators\Nunn\Emma\data_378,C:\Xcalibur\Data\Collaborators\Nunn\Emma\methods\Vantage_nanoAcq_oysterYV_60min_DrM27cm,"2:B,3",2,4.05E+07
102,CHOYP_ACAA2.1.1|m.30666,QYNLTPLAR,L - y6+,y6,25.89,,153039,O32-2,2017_July_10_bivalves_102,C:\Xcalibur\Data\Collaborators\Nunn\Emma\data_378,C:\Xcalibur\Data\Collaborators\Nunn\Emma\methods\Vantage_nanoAcq_oysterYV_60min_DrM27cm,"2:B,4",2,4.28E+07
102,CHOYP_ACAA2.1.1|m.30666,QYNLTPLAR,T - y5+,y5,25.89,,344629,O32-2,2017_July_10_bivalves_102,C:\Xcalibur\Data\Collaborators\Nunn\Emma\data_378,C:\Xcalibur\Data\Collaborators\Nunn\Emma\methods\Vantage_nanoAcq_oysterYV_60min_DrM27cm,"2:B,4",2,4.28E+07
102,PRTC peptides,SSAAPPPPPR,P - y4+,y4,16.98,,96146056,O32-2,2017_July_10_bivalves_102,C:\Xcalibur\Data\Collaborators\Nunn\Emma\data_378,C:\Xcalibur\Data\Collaborators\Nunn\Emma\methods\Vantage_nanoAcq_oysterYV_60min_DrM27cm,"2:B,4",2,4.28E+07
103,CHOYP_ACAA2.1.1|m.30666,QYNLTPLAR,L - y6+,y6,25.86,,44742,O96-2,2017_July_10_bivalves_103,C:\Xcalibur\Data\Collaborators\Nunn\Emma\data_378,C:\Xcalibur\Data\Collaborators\Nunn\Emma\methods\Vantage_nanoAcq_oysterYV_60min_DrM27cm,"2:B,5",2,4.28E+07
103,CHOYP_ACAA2.1.1|m.30666,QYNLTPLAR,T - y5+,y5,25.86,,71903,O96-2,2017_July_10_bivalves_103,C:\Xcalibur\Data\Collaborators\Nunn\Emma\data_378,C:\Xcalibur\Data\Collaborators\Nunn\Emma\methods\Vantage_nanoAcq_oysterYV_60min_DrM27cm,"2:B,5",2,4.28E+07
103,PRTC peptides,SSAAPPPPPR,P - y4+,y4,16.98,,99452024,O96-2,2017_July_10_bivalves_103,C:\Xcalibur\Data\Collaborators\Nunn\Emma\data_378,C:\Xcalibur\Data\Collaborators\Nunn\Emma\methods\Vantage_nanoAcq_oysterYV_60min_DrM27cm,"2:B,5",2,4.28E+07
105,CHOYP_ACAA2.1.1|m.30666,QYNLTPLAR,L - y6+,y6,25.99,,98823,O46-2,2017_July_10_bivalves_105,C:\Xcalibur\Data\Collaborators\Nunn\Emma\data_378,C:\Xcalibur\Data\Collaborators\Nunn\Emma\methods\Vantage_nanoAcq_oysterYV_60min_DrM27cm,"2:C,1",2,4.29E+07
105,CHOYP_ACAA2.1.1|m.30666,QYNLTPLAR,T - y5+,y5,25.99,,217002,O46-2,2017_July_10_bivalves_105,C:\Xcalibur\Data\Collaborators\Nunn\Emma\data_378,C:\Xcalibur\Data\Collaborators\Nunn\Emma\methods\Vantage_nanoAcq_oysterYV_60min_DrM27cm,"2:C,1",2,4.29E+07
105,PRTC peptides,SSAAPPPPPR,P - y4+,y4,17.15,,121102424,O46-2,2017_July_10_bivalves_105,C:\Xcalibur\Data\Collaborators\Nunn\Emma\data_378,C:\Xcalibur\Data\Collaborators\Nunn\Emma\methods\Vantage_nanoAcq_oysterYV_60min_DrM27cm,"2:C,1",2,4.29E+07
106,CHOYP_ACAA2.1.1|m.30666,QYNLTPLAR,L - y6+,y6,26.06,,85784,O100-2,2017_July_10_bivalves_106,C:\Xcalibur\Data\Collaborators\Nunn\Emma\data_378,C:\Xcalibur\Data\Collaborators\Nunn\Emma\methods\Vantage_nanoAcq_oysterYV_60min_DrM27cm,"2:C,2",2,4.29E+07
106,CHOYP_ACAA2.1.1|m.30666,QYNLTPLAR,T - y5+,y5,26.06,,191796,O100-2,2017_July_10_bivalves_106,C:\Xcalibur\Data\Collaborators\Nunn\Emma\data_378,C:\Xcalibur\Data\Collaborators\Nunn\Emma\methods\Vantage_nanoAcq_oysterYV_60min_DrM27cm,"2:C,2",2,4.29E+07
106,PRTC peptides,SSAAPPPPPR,P - y4+,y4,17.15,,103673624,O100-2,2017_July_10_bivalves_106,C:\Xcalibur\Data\Collaborators\Nunn\Emma\data_378,C:\Xcalibur\Data\Collaborators\Nunn\Emma\methods\Vantage_nanoAcq_oysterYV_60min_DrM27cm,"2:C,2",2,4.29E+07
107,CHOYP_ACAA2.1.1|m.30666,QYNLTPLAR,L - y6+,y6,25.86,,169719,O64-2,2017_July_10_bivalves_107,C:\Xcalibur\Data\Collaborators\Nunn\Emma\data_378,C:\Xcalibur\Data\Collaborators\Nunn\Emma\methods\Vantage_nanoAcq_oysterYV_60min_DrM27cm,"2:C,3",2,3.99E+07
107,CHOYP_ACAA2.1.1|m.30666,QYNLTPLAR,T - y5+,y5,25.86,,381164,O64-2,2017_July_10_bivalves_107,C:\Xcalibur\Data\Collaborators\Nunn\Emma\data_378,C:\Xcalibur\Data\Collaborators\Nunn\Emma\methods\Vantage_nanoAcq_oysterYV_60min_DrM27cm,"2:C,3",2,3.99E+07
107,PRTC peptides,SSAAPPPPPR,P - y4+,y4,17.05,,46190156,O64-2,2017_July_10_bivalves_107,C:\Xcalibur\Data\Collaborators\Nunn\Emma\data_378,C:\Xcalibur\Data\Collaborators\Nunn\Emma\methods\Vantage_nanoAcq_oysterYV_60min_DrM27cm,"2:C,3",2,3.99E+07
108,CHOYP_ACAA2.1.1|m.30666,QYNLTPLAR,L - y6+,y6,25.9,,119130,O147-2,2017_July_10_bivalves_108,C:\Xcalibur\Data\Collaborators\Nunn\Emma\data_378,C:\Xcalibur\Data\Collaborators\Nunn\Emma\methods\Vantage_nanoAcq_oysterYV_60min_DrM27cm,"2:C,4",2,4.29E+07
108,CHOYP_ACAA2.1.1|m.30666,QYNLTPLAR,T - y5+,y5,25.9,,276897,O147-2,2017_July_10_bivalves_108,C:\Xcalibur\Data\Collaborators\Nunn\Emma\data_378,C:\Xcalibur\Data\Collaborators\Nunn\Emma\methods\Vantage_nanoAcq_oysterYV_60min_DrM27cm,"2:C,4",2,4.29E+07
108,PRTC peptides,SSAAPPPPPR,P - y4+,y4,17.05,,109118536,O147-2,2017_July_10_bivalves_108,C:\Xcalibur\Data\Collaborators\Nunn\Emma\data_378,C:\Xcalibur\Data\Collaborators\Nunn\Emma\methods\Vantage_nanoAcq_oysterYV_60min_DrM27cm,"2:C,4",2,4.29E+07
11,CHOYP_ACAA2.1.1|m.30666,QYNLTPLAR,L - y6+,y6,26.1,,106429,O145-1,2017_July_10_bivalves_11,C:\Xcalibur\Data\Collaborators\Nunn\Emma\data_378,C:\Xcalibur\Data\Collaborators\Nunn\Emma\methods\Vantage_nanoAcq_oysterYV_60min_DrM27cm,"1:C,4",2,4.16E+07
11,CHOYP_ACAA2.1.1|m.30666,QYNLTPLAR,T - y5+,y5,26.1,,238652,O145-1,2017_July_10_bivalves_11,C:\Xcalibur\Data\Collaborators\Nunn\Emma\data_378,C:\Xcalibur\Data\Collaborators\Nunn\Emma\methods\Vantage_nanoAcq_oysterYV_60min_DrM27cm,"1:C,4",2,4.16E+07
11,PRTC peptides,SSAAPPPPPR,P - y4+,y4,17.19,,48884840,O145-1,2017_July_10_bivalves_11,C:\Xcalibur\Data\Collaborators\Nunn\Emma\data_378,C:\Xcalibur\Data\Collaborators\Nunn\Emma\methods\Vantage_nanoAcq_oysterYV_60min_DrM27cm,"1:C,4",2,4.16E+07
111,CHOYP_ACAA2.1.1|m.30666,QYNLTPLAR,L - y6+,y6,26.1,,106429,O43-2,2017_July_10_bivalves_111,C:\Xcalibur\Data\Collaborators\Nunn\Emma\data_378,C:\Xcalibur\Data\Collaborators\Nunn\Emma\methods\Vantage_nanoAcq_oysterYV_60min_DrM27cm,"2:D,1",2,4.22E+07
111,CHOYP_ACAA2.1.1|m.30666,QYNLTPLAR,T - y5+,y5,26.1,,238652,O43-2,2017_July_10_bivalves_111,C:\Xcalibur\Data\Collaborators\Nunn\Emma\data_378,C:\Xcalibur\Data\Collaborators\Nunn\Emma\methods\Vantage_nanoAcq_oysterYV_60min_DrM27cm,"2:D,1",2,4.22E+07
111,PRTC peptides,SSAAPPPPPR,P - y4+,y4,17.19,,48884840,O43-2,2017_July_10_bivalves_111,C:\Xcalibur\Data\Collaborators\Nunn\Emma\data_378,C:\Xcalibur\Data\Collaborators\Nunn\Emma\methods\Vantage_nanoAcq_oysterYV_60min_DrM27cm,"2:D,1",2,4.22E+07
112,CHOYP_ACAA2.1.1|m.30666,QYNLTPLAR,L - y6+,y6,25.82,,184799,O78-2,2017_July_10_bivalves_112,C:\Xcalibur\Data\Collaborators\Nunn\Emma\data_378,C:\Xcalibur\Data\Collaborators\Nunn\Emma\methods\Vantage_nanoAcq_oysterYV_60min_DrM27cm,"2:D,2",2,4.12E+07
112,CHOYP_ACAA2.1.1|m.30666,QYNLTPLAR,T - y5+,y5,25.82,,447454,O78-2,2017_July_10_bivalves_112,C:\Xcalibur\Data\Collaborators\Nunn\Emma\data_378,C:\Xcalibur\Data\Collaborators\Nunn\Emma\methods\Vantage_nanoAcq_oysterYV_60min_DrM27cm,"2:D,2",2,4.12E+07
112,PRTC peptides,SSAAPPPPPR,P - y4+,y4,16.81,,46981300,O78-2,2017_July_10_bivalves_112,C:\Xcalibur\Data\Collaborators\Nunn\Emma\data_378,C:\Xcalibur\Data\Collaborators\Nunn\Emma\methods\Vantage_nanoAcq_oysterYV_60min_DrM27cm,"2:D,2",2,4.12E+07
113,CHOYP_ACAA2.1.1|m.30666,QYNLTPLAR,L - y6+,y6,25.9,,194963,O91-2,2017_July_10_bivalves_113,C:\Xcalibur\Data\Collaborators\Nunn\Emma\data_378,C:\Xcalibur\Data\Collaborators\Nunn\Emma\methods\Vantage_nanoAcq_oysterYV_60min_DrM27cm,"2:D,3",2,4.29E+07
113,CHOYP_ACAA2.1.1|m.30666,QYNLTPLAR,T - y5+,y5,25.9,,431515,O91-2,2017_July_10_bivalves_113,C:\Xcalibur\Data\Collaborators\Nunn\Emma\data_378,C:\Xcalibur\Data\Collaborators\Nunn\Emma\methods\Vantage_nanoAcq_oysterYV_60min_DrM27cm,"2:D,3",2,4.29E+07
113,PRTC peptides,SSAAPPPPPR,P - y4+,y4,17.22,,104678600,O91-2,2017_July_10_bivalves_113,C:\Xcalibur\Data\Collaborators\Nunn\Emma\data_378,C:\Xcalibur\Data\Collaborators\Nunn\Emma\methods\Vantage_nanoAcq_oysterYV_60min_DrM27cm,"2:D,3",2,4.29E+07
115,CHOYP_ACAA2.1.1|m.30666,QYNLTPLAR,L - y6+,y6,25.79,,110789,O131-2,2017_July_10_bivalves_115,C:\Xcalibur\Data\Collaborators\Nunn\Emma\data_378,C:\Xcalibur\Data\Collaborators\Nunn\Emma\methods\Vantage_nanoAcq_oysterYV_60min_DrM27cm,"2:D,5",2,4.04E+07
115,CHOYP_ACAA2.1.1|m.30666,QYNLTPLAR,T - y5+,y5,25.79,,241227,O131-2,2017_July_10_bivalves_115,C:\Xcalibur\Data\Collaborators\Nunn\Emma\data_378,C:\Xcalibur\Data\Collaborators\Nunn\Emma\methods\Vantage_nanoAcq_oysterYV_60min_DrM27cm,"2:D,5",2,4.04E+07
115,PRTC peptides,SSAAPPPPPR,P - y4+,y4,16.95,,42442164,O131-2,2017_July_10_bivalves_115,C:\Xcalibur\Data\Collaborators\Nunn\Emma\data_378,C:\Xcalibur\Data\Collaborators\Nunn\Emma\methods\Vantage_nanoAcq_oysterYV_60min_DrM27cm,"2:D,5",2,4.04E+07
117,CHOYP_ACAA2.1.1|m.30666,QYNLTPLAR,L - y6+,y6,25.86,,74396,O31-2,2017_July_10_bivalves_117,C:\Xcalibur\Data\Collaborators\Nunn\Emma\data_378,C:\Xcalibur\Data\Collaborators\Nunn\Emma\methods\Vantage_nanoAcq_oysterYV_60min_DrM27cm,"2:E,1",2,4.00E+07
117,CHOYP_ACAA2.1.1|m.30666,QYNLTPLAR,T - y5+,y5,25.86,,175555,O31-2,2017_July_10_bivalves_117,C:\Xcalibur\Data\Collaborators\Nunn\Emma\data_378,C:\Xcalibur\Data\Collaborators\Nunn\Emma\methods\Vantage_nanoAcq_oysterYV_60min_DrM27cm,"2:E,1",2,4.00E+07
117,PRTC peptides,SSAAPPPPPR,P - y4+,y4,16.98,,47476000,O31-2,2017_July_10_bivalves_117,C:\Xcalibur\Data\Collaborators\Nunn\Emma\data_378,C:\Xcalibur\Data\Collaborators\Nunn\Emma\methods\Vantage_nanoAcq_oysterYV_60min_DrM27cm,"2:E,1",2,4.00E+07
118,CHOYP_ACAA2.1.1|m.30666,QYNLTPLAR,L - y6+,y6,25.7,,188342,O35-2,2017_July_10_bivalves_118,C:\Xcalibur\Data\Collaborators\Nunn\Emma\data_378,C:\Xcalibur\Data\Collaborators\Nunn\Emma\methods\Vantage_nanoAcq_oysterYV_60min_DrM27cm,"2:E,2",2,4.08E+07
118,CHOYP_ACAA2.1.1|m.30666,QYNLTPLAR,T - y5+,y5,25.7,,478828,O35-2,2017_July_10_bivalves_118,C:\Xcalibur\Data\Collaborators\Nunn\Emma\data_378,C:\Xcalibur\Data\Collaborators\Nunn\Emma\methods\Vantage_nanoAcq_oysterYV_60min_DrM27cm,"2:E,2",2,4.08E+07
118,PRTC peptides,SSAAPPPPPR,P - y4+,y4,16.85,,45069852,O35-2,2017_July_10_bivalves_118,C:\Xcalibur\Data\Collaborators\Nunn\Emma\data_378,C:\Xcalibur\Data\Collaborators\Nunn\Emma\methods\Vantage_nanoAcq_oysterYV_60min_DrM27cm,"2:E,2",2,4.08E+07
119,CHOYP_ACAA2.1.1|m.30666,QYNLTPLAR,L - y6+,y6,25.62,,215679,O140-2,2017_July_10_bivalves_119,C:\Xcalibur\Data\Collaborators\Nunn\Emma\data_378,C:\Xcalibur\Data\Collaborators\Nunn\Emma\methods\Vantage_nanoAcq_oysterYV_60min_DrM27cm,"2:E,3",2,3.79E+07
119,CHOYP_ACAA2.1.1|m.30666,QYNLTPLAR,T - y5+,y5,25.62,,486577,O140-2,2017_July_10_bivalves_119,C:\Xcalibur\Data\Collaborators\Nunn\Emma\data_378,C:\Xcalibur\Data\Collaborators\Nunn\Emma\methods\Vantage_nanoAcq_oysterYV_60min_DrM27cm,"2:E,3",2,3.79E+07
119,PRTC peptides,SSAAPPPPPR,P - y4+,y4,16.85,,47724528,O140-2,2017_July_10_bivalves_119,C:\Xcalibur\Data\Collaborators\Nunn\Emma\data_378,C:\Xcalibur\Data\Collaborators\Nunn\Emma\methods\Vantage_nanoAcq_oysterYV_60min_DrM27cm,"2:E,3",2,3.79E+07
12,CHOYP_ACAA2.1.1|m.30666,QYNLTPLAR,L - y6+,y6,26.1,,144829,O128-1,2017_July_10_bivalves_12,C:\Xcalibur\Data\Collaborators\Nunn\Emma\data_378,C:\Xcalibur\Data\Collaborators\Nunn\Emma\methods\Vantage_nanoAcq_oysterYV_60min_DrM27cm,"1:C,5",2,4.24E+07
12,CHOYP_ACAA2.1.1|m.30666,QYNLTPLAR,T - y5+,y5,26.1,,357074,O128-1,2017_July_10_bivalves_12,C:\Xcalibur\Data\Collaborators\Nunn\Emma\data_378,C:\Xcalibur\Data\Collaborators\Nunn\Emma\methods\Vantage_nanoAcq_oysterYV_60min_DrM27cm,"1:C,5",2,4.24E+07
12,PRTC peptides,SSAAPPPPPR,P - y4+,y4,17.09,,65715352,O128-1,2017_July_10_bivalves_12,C:\Xcalibur\Data\Collaborators\Nunn\Emma\data_378,C:\Xcalibur\Data\Collaborators\Nunn\Emma\methods\Vantage_nanoAcq_oysterYV_60min_DrM27cm,"1:C,5",2,4.24E+07
120,CHOYP_ACAA2.1.1|m.30666,QYNLTPLAR,L - y6+,y6,25.7,,199382,O121-2,2017_July_10_bivalves_120,C:\Xcalibur\Data\Collaborators\Nunn\Emma\data_378,C:\Xcalibur\Data\Collaborators\Nunn\Emma\methods\Vantage_nanoAcq_oysterYV_60min_DrM27cm,"2:E,4",2,3.74E+07
120,CHOYP_ACAA2.1.1|m.30666,QYNLTPLAR,T - y5+,y5,25.7,,433160,O121-2,2017_July_10_bivalves_120,C:\Xcalibur\Data\Collaborators\Nunn\Emma\data_378,C:\Xcalibur\Data\Collaborators\Nunn\Emma\methods\Vantage_nanoAcq_oysterYV_60min_DrM27cm,"2:E,4",2,3.74E+07
120,PRTC peptides,SSAAPPPPPR,P - y4+,y4,16.82,,38292320,O121-2,2017_July_10_bivalves_120,C:\Xcalibur\Data\Collaborators\Nunn\Emma\data_378,C:\Xcalibur\Data\Collaborators\Nunn\Emma\methods\Vantage_nanoAcq_oysterYV_60min_DrM27cm,"2:E,4",2,3.74E+07
121,CHOYP_ACAA2.1.1|m.30666,QYNLTPLAR,L - y6+,y6,25.79,,192205,O60-2,2017_July_10_bivalves_121,C:\Xcalibur\Data\Collaborators\Nunn\Emma\data_378,C:\Xcalibur\Data\Collaborators\Nunn\Emma\methods\Vantage_nanoAcq_oysterYV_60min_DrM27cm,"2:E,5",2,4.29E+07
121,CHOYP_ACAA2.1.1|m.30666,QYNLTPLAR,T - y5+,y5,25.79,,481146,O60-2,2017_July_10_bivalves_121,C:\Xcalibur\Data\Collaborators\Nunn\Emma\data_378,C:\Xcalibur\Data\Collaborators\Nunn\Emma\methods\Vantage_nanoAcq_oysterYV_60min_DrM27cm,"2:E,5",2,4.29E+07
121,PRTC peptides,SSAAPPPPPR,P - y4+,y4,17.08,,101383704,O60-2,2017_July_10_bivalves_121,C:\Xcalibur\Data\Collaborators\Nunn\Emma\data_378,C:\Xcalibur\Data\Collaborators\Nunn\Emma\methods\Vantage_nanoAcq_oysterYV_60min_DrM27cm,"2:E,5",2,4.29E+07
123,CHOYP_ACAA2.1.1|m.30666,QYNLTPLAR,L - y6+,y6,25.83,,115547,O66-2,2017_July_10_bivalves_123,C:\Xcalibur\Data\Collaborators\Nunn\Emma\data_378,C:\Xcalibur\Data\Collaborators\Nunn\Emma\methods\Vantage_nanoAcq_oysterYV_60min_DrM27cm,"2:F,1",2,4.02E+07
123,CHOYP_ACAA2.1.1|m.30666,QYNLTPLAR,T - y5+,y5,25.83,,265885,O66-2,2017_July_10_bivalves_123,C:\Xcalibur\Data\Collaborators\Nunn\Emma\data_378,C:\Xcalibur\Data\Collaborators\Nunn\Emma\methods\Vantage_nanoAcq_oysterYV_60min_DrM27cm,"2:F,1",2,4.02E+07
123,PRTC peptides,SSAAPPPPPR,P - y4+,y4,17.05,,42428408,O66-2,2017_July_10_bivalves_123,C:\Xcalibur\Data\Collaborators\Nunn\Emma\data_378,C:\Xcalibur\Data\Collaborators\Nunn\Emma\methods\Vantage_nanoAcq_oysterYV_60min_DrM27cm,"2:F,1",2,4.02E+07
124,CHOYP_ACAA2.1.1|m.30666,QYNLTPLAR,L - y6+,y6,25.96,,136557,O101-2,2017_July_10_bivalves_124,C:\Xcalibur\Data\Collaborators\Nunn\Emma\data_378,C:\Xcalibur\Data\Collaborators\Nunn\Emma\methods\Vantage_nanoAcq_oysterYV_60min_DrM27cm,"2:F,2",2,4.29E+07
124,CHOYP_ACAA2.1.1|m.30666,QYNLTPLAR,T - y5+,y5,25.96,,312253,O101-2,2017_July_10_bivalves_124,C:\Xcalibur\Data\Collaborators\Nunn\Emma\data_378,C:\Xcalibur\Data\Collaborators\Nunn\Emma\methods\Vantage_nanoAcq_oysterYV_60min_DrM27cm,"2:F,2",2,4.29E+07
124,PRTC peptides,SSAAPPPPPR,P - y4+,y4,17.05,,93123424,O101-2,2017_July_10_bivalves_124,C:\Xcalibur\Data\Collaborators\Nunn\Emma\data_378,C:\Xcalibur\Data\Collaborators\Nunn\Emma\methods\Vantage_nanoAcq_oysterYV_60min_DrM27cm,"2:F,2",2,4.29E+07
125,CHOYP_ACAA2.1.1|m.30666,QYNLTPLAR,L - y6+,y6,25.69,,84048,O124-2,2017_July_10_bivalves_125,C:\Xcalibur\Data\Collaborators\Nunn\Emma\data_378,C:\Xcalibur\Data\Collaborators\Nunn\Emma\methods\Vantage_nanoAcq_oysterYV_60min_DrM27cm,"2:F,3",2,4.03E+07
125,CHOYP_ACAA2.1.1|m.30666,QYNLTPLAR,T - y5+,y5,25.69,,128244,O124-2,2017_July_10_bivalves_125,C:\Xcalibur\Data\Collaborators\Nunn\Emma\data_378,C:\Xcalibur\Data\Collaborators\Nunn\Emma\methods\Vantage_nanoAcq_oysterYV_60min_DrM27cm,"2:F,3",2,4.03E+07
125,PRTC peptides,SSAAPPPPPR,P - y4+,y4,16.81,,49047200,O124-2,2017_July_10_bivalves_125,C:\Xcalibur\Data\Collaborators\Nunn\Emma\data_378,C:\Xcalibur\Data\Collaborators\Nunn\Emma\methods\Vantage_nanoAcq_oysterYV_60min_DrM27cm,"2:F,3",2,4.03E+07
126,CHOYP_ACAA2.1.1|m.30666,QYNLTPLAR,L - y6+,y6,25.76,,72062,O24-2,2017_July_10_bivalves_126,C:\Xcalibur\Data\Collaborators\Nunn\Emma\data_378,C:\Xcalibur\Data\Collaborators\Nunn\Emma\methods\Vantage_nanoAcq_oysterYV_60min_DrM27cm,"2:F,4",2,4.17E+07
126,CHOYP_ACAA2.1.1|m.30666,QYNLTPLAR,T - y5+,y5,25.76,,174244,O24-2,2017_July_10_bivalves_126,C:\Xcalibur\Data\Collaborators\Nunn\Emma\data_378,C:\Xcalibur\Data\Collaborators\Nunn\Emma\methods\Vantage_nanoAcq_oysterYV_60min_DrM27cm,"2:F,4",2,4.17E+07
126,PRTC peptides,SSAAPPPPPR,P - y4+,y4,16.95,,39756124,O24-2,2017_July_10_bivalves_126,C:\Xcalibur\Data\Collaborators\Nunn\Emma\data_378,C:\Xcalibur\Data\Collaborators\Nunn\Emma\methods\Vantage_nanoAcq_oysterYV_60min_DrM27cm,"2:F,4",2,4.17E+07
127,CHOYP_ACAA2.1.1|m.30666,QYNLTPLAR,L - y6+,y6,#N/A,,#N/A,OBLNK2-2,2017_July_10_bivalves_127,C:\Xcalibur\Data\Collaborators\Nunn\Emma\data_378,C:\Xcalibur\Data\Collaborators\Nunn\Emma\methods\Vantage_nanoAcq_oysterYV_60min_DrM27cm,"2:F,5",2,4.21E+07
127,CHOYP_ACAA2.1.1|m.30666,QYNLTPLAR,T - y5+,y5,#N/A,,#N/A,OBLNK2-2,2017_July_10_bivalves_127,C:\Xcalibur\Data\Collaborators\Nunn\Emma\data_378,C:\Xcalibur\Data\Collaborators\Nunn\Emma\methods\Vantage_nanoAcq_oysterYV_60min_DrM27cm,"2:F,5",2,4.21E+07
127,PRTC peptides,SSAAPPPPPR,P - y4+,y4,17.18,,43332788,OBLNK2-2,2017_July_10_bivalves_127,C:\Xcalibur\Data\Collaborators\Nunn\Emma\data_378,C:\Xcalibur\Data\Collaborators\Nunn\Emma\methods\Vantage_nanoAcq_oysterYV_60min_DrM27cm,"2:F,5",2,4.21E+07
129,CHOYP_ACAA2.1.1|m.30666,QYNLTPLAR,L - y6+,y6,25.8,,168845,O01-1,2017_July_10_bivalves_129,C:\Xcalibur\Data\Collaborators\Nunn\Emma\data_378,C:\Xcalibur\Data\Collaborators\Nunn\Emma\methods\Vantage_nanoAcq_oysterYV_60min_DrM27cm,"1:B,1",2,4.27E+07
129,CHOYP_ACAA2.1.1|m.30666,QYNLTPLAR,T - y5+,y5,25.8,,340876,O01-1,2017_July_10_bivalves_129,C:\Xcalibur\Data\Collaborators\Nunn\Emma\data_378,C:\Xcalibur\Data\Collaborators\Nunn\Emma\methods\Vantage_nanoAcq_oysterYV_60min_DrM27cm,"1:B,1",2,4.27E+07
129,PRTC peptides,SSAAPPPPPR,P - y4+,y4,17.02,,73276712,O01-1,2017_July_10_bivalves_129,C:\Xcalibur\Data\Collaborators\Nunn\Emma\data_378,C:\Xcalibur\Data\Collaborators\Nunn\Emma\methods\Vantage_nanoAcq_oysterYV_60min_DrM27cm,"1:B,1",2,4.27E+07
131,CHOYP_ACAA2.1.1|m.30666,QYNLTPLAR,L - y6+,y6,25.79,,99309,O22-2,2017_July_10_bivalves_131,C:\Xcalibur\Data\Collaborators\Nunn\Emma\data_378,C:\Xcalibur\Data\Collaborators\Nunn\Emma\methods\Vantage_nanoAcq_oysterYV_60min_DrM27cm,"1:B,3",2,4.11E+07
131,CHOYP_ACAA2.1.1|m.30666,QYNLTPLAR,T - y5+,y5,25.79,,180317,O22-2,2017_July_10_bivalves_131,C:\Xcalibur\Data\Collaborators\Nunn\Emma\data_378,C:\Xcalibur\Data\Collaborators\Nunn\Emma\methods\Vantage_nanoAcq_oysterYV_60min_DrM27cm,"1:B,3",2,4.11E+07
131,PRTC peptides,SSAAPPPPPR,P - y4+,y4,17.01,,50253924,O22-2,2017_July_10_bivalves_131,C:\Xcalibur\Data\Collaborators\Nunn\Emma\data_378,C:\Xcalibur\Data\Collaborators\Nunn\Emma\methods\Vantage_nanoAcq_oysterYV_60min_DrM27cm,"1:B,3",2,4.11E+07
132,CHOYP_ACAA2.1.1|m.30666,QYNLTPLAR,L - y6+,y6,25.83,,55877,O113-2,2017_July_10_bivalves_132,C:\Xcalibur\Data\Collaborators\Nunn\Emma\data_378,C:\Xcalibur\Data\Collaborators\Nunn\Emma\methods\Vantage_nanoAcq_oysterYV_60min_DrM27cm,"1:B,4",2,4.24E+07
132,CHOYP_ACAA2.1.1|m.30666,QYNLTPLAR,T - y5+,y5,25.83,,95253,O113-2,2017_July_10_bivalves_132,C:\Xcalibur\Data\Collaborators\Nunn\Emma\data_378,C:\Xcalibur\Data\Collaborators\Nunn\Emma\methods\Vantage_nanoAcq_oysterYV_60min_DrM27cm,"1:B,4",2,4.24E+07
132,PRTC peptides,SSAAPPPPPR,P - y4+,y4,16.99,,66566696,O113-2,2017_July_10_bivalves_132,C:\Xcalibur\Data\Collaborators\Nunn\Emma\data_378,C:\Xcalibur\Data\Collaborators\Nunn\Emma\methods\Vantage_nanoAcq_oysterYV_60min_DrM27cm,"1:B,4",2,4.24E+07
133,CHOYP_ACAA2.1.1|m.30666,QYNLTPLAR,L - y6+,y6,25.86,,157044,O118-2,2017_July_10_bivalves_133,C:\Xcalibur\Data\Collaborators\Nunn\Emma\data_378,C:\Xcalibur\Data\Collaborators\Nunn\Emma\methods\Vantage_nanoAcq_oysterYV_60min_DrM27cm,"1:B,5",2,4.22E+07
133,CHOYP_ACAA2.1.1|m.30666,QYNLTPLAR,T - y5+,y5,25.86,,349955,O118-2,2017_July_10_bivalves_133,C:\Xcalibur\Data\Collaborators\Nunn\Emma\data_378,C:\Xcalibur\Data\Collaborators\Nunn\Emma\methods\Vantage_nanoAcq_oysterYV_60min_DrM27cm,"1:B,5",2,4.22E+07
133,PRTC peptides,SSAAPPPPPR,P - y4+,y4,16.98,,66959632,O118-2,2017_July_10_bivalves_133,C:\Xcalibur\Data\Collaborators\Nunn\Emma\data_378,C:\Xcalibur\Data\Collaborators\Nunn\Emma\methods\Vantage_nanoAcq_oysterYV_60min_DrM27cm,"1:B,5",2,4.22E+07
135,CHOYP_ACAA2.1.1|m.30666,QYNLTPLAR,L - y6+,y6,25.59,,158051,O01-2,2017_July_10_bivalves_135,C:\Xcalibur\Data\Collaborators\Nunn\Emma\data_378,C:\Xcalibur\Data\Collaborators\Nunn\Emma\methods\Vantage_nanoAcq_oysterYV_60min_DrM27cm,"1:B,1",2,4.27E+07
135,CHOYP_ACAA2.1.1|m.30666,QYNLTPLAR,T - y5+,y5,25.59,,366731,O01-2,2017_July_10_bivalves_135,C:\Xcalibur\Data\Collaborators\Nunn\Emma\data_378,C:\Xcalibur\Data\Collaborators\Nunn\Emma\methods\Vantage_nanoAcq_oysterYV_60min_DrM27cm,"1:B,1",2,4.27E+07
135,PRTC peptides,SSAAPPPPPR,P - y4+,y4,16.78,,73842768,O01-2,2017_July_10_bivalves_135,C:\Xcalibur\Data\Collaborators\Nunn\Emma\data_378,C:\Xcalibur\Data\Collaborators\Nunn\Emma\methods\Vantage_nanoAcq_oysterYV_60min_DrM27cm,"1:B,1",2,4.27E+07
136,CHOYP_ACAA2.1.1|m.30666,QYNLTPLAR,L - y6+,y6,25.7,,65494,O26-2,2017_July_10_bivalves_136,C:\Xcalibur\Data\Collaborators\Nunn\Emma\data_378,C:\Xcalibur\Data\Collaborators\Nunn\Emma\methods\Vantage_nanoAcq_oysterYV_60min_DrM27cm,"1:C,1",2,4.29E+07
136,CHOYP_ACAA2.1.1|m.30666,QYNLTPLAR,T - y5+,y5,25.7,,118584,O26-2,2017_July_10_bivalves_136,C:\Xcalibur\Data\Collaborators\Nunn\Emma\data_378,C:\Xcalibur\Data\Collaborators\Nunn\Emma\methods\Vantage_nanoAcq_oysterYV_60min_DrM27cm,"1:C,1",2,4.29E+07
136,PRTC peptides,SSAAPPPPPR,P - y4+,y4,16.92,,80280624,O26-2,2017_July_10_bivalves_136,C:\Xcalibur\Data\Collaborators\Nunn\Emma\data_378,C:\Xcalibur\Data\Collaborators\Nunn\Emma\methods\Vantage_nanoAcq_oysterYV_60min_DrM27cm,"1:C,1",2,4.29E+07
137,CHOYP_ACAA2.1.1|m.30666,QYNLTPLAR,L - y6+,y6,25.83,,31136,O90-2,2017_July_10_bivalves_137,C:\Xcalibur\Data\Collaborators\Nunn\Emma\data_378,C:\Xcalibur\Data\Collaborators\Nunn\Emma\methods\Vantage_nanoAcq_oysterYV_60min_DrM27cm,"1:C,2",2,4.29E+07
137,CHOYP_ACAA2.1.1|m.30666,QYNLTPLAR,T - y5+,y5,25.83,,54773,O90-2,2017_July_10_bivalves_137,C:\Xcalibur\Data\Collaborators\Nunn\Emma\data_378,C:\Xcalibur\Data\Collaborators\Nunn\Emma\methods\Vantage_nanoAcq_oysterYV_60min_DrM27cm,"1:C,2",2,4.29E+07
137,PRTC peptides,SSAAPPPPPR,P - y4+,y4,16.95,,98146080,O90-2,2017_July_10_bivalves_137,C:\Xcalibur\Data\Collaborators\Nunn\Emma\data_378,C:\Xcalibur\Data\Collaborators\Nunn\Emma\methods\Vantage_nanoAcq_oysterYV_60min_DrM27cm,"1:C,2",2,4.29E+07
14,CHOYP_ACAA2.1.1|m.30666,QYNLTPLAR,L - y6+,y6,#N/A,,#N/A,O39-1,2017_July_10_bivalves_14,C:\Xcalibur\Data\Collaborators\Nunn\Emma\data_378,C:\Xcalibur\Data\Collaborators\Nunn\Emma\methods\Vantage_nanoAcq_oysterYV_60min_DrM27cm,"1:D,1",2,4.29E+07
14,CHOYP_ACAA2.1.1|m.30666,QYNLTPLAR,T - y5+,y5,#N/A,,#N/A,O39-1,2017_July_10_bivalves_14,C:\Xcalibur\Data\Collaborators\Nunn\Emma\data_378,C:\Xcalibur\Data\Collaborators\Nunn\Emma\methods\Vantage_nanoAcq_oysterYV_60min_DrM27cm,"1:D,1",2,4.29E+07
14,PRTC peptides,SSAAPPPPPR,P - y4+,y4,17.21,,54230,O39-1,2017_July_10_bivalves_14,C:\Xcalibur\Data\Collaborators\Nunn\Emma\data_378,C:\Xcalibur\Data\Collaborators\Nunn\Emma\methods\Vantage_nanoAcq_oysterYV_60min_DrM27cm,"1:D,1",2,4.29E+07
15,CHOYP_ACAA2.1.1|m.30666,QYNLTPLAR,L - y6+,y6,25.79,,112384,O113-1,2017_July_10_bivalves_15,C:\Xcalibur\Data\Collaborators\Nunn\Emma\data_378,C:\Xcalibur\Data\Collaborators\Nunn\Emma\methods\Vantage_nanoAcq_oysterYV_60min_DrM27cm,"1:D,2",2,4.29E+07
15,CHOYP_ACAA2.1.1|m.30666,QYNLTPLAR,T - y5+,y5,25.79,,245921,O113-1,2017_July_10_bivalves_15,C:\Xcalibur\Data\Collaborators\Nunn\Emma\data_378,C:\Xcalibur\Data\Collaborators\Nunn\Emma\methods\Vantage_nanoAcq_oysterYV_60min_DrM27cm,"1:D,2",2,4.29E+07
15,PRTC peptides,SSAAPPPPPR,P - y4+,y4,16.95,,42442164,O113-1,2017_July_10_bivalves_15,C:\Xcalibur\Data\Collaborators\Nunn\Emma\data_378,C:\Xcalibur\Data\Collaborators\Nunn\Emma\methods\Vantage_nanoAcq_oysterYV_60min_DrM27cm,"1:D,2",2,4.29E+07
17,CHOYP_ACAA2.1.1|m.30666,QYNLTPLAR,L - y6+,y6,25.86,,70259,O99-1,2017_July_10_bivalves_17,C:\Xcalibur\Data\Collaborators\Nunn\Emma\data_378,C:\Xcalibur\Data\Collaborators\Nunn\Emma\methods\Vantage_nanoAcq_oysterYV_60min_DrM27cm,"1:D,4",2,4.21E+07
17,CHOYP_ACAA2.1.1|m.30666,QYNLTPLAR,T - y5+,y5,25.86,,165843,O99-1,2017_July_10_bivalves_17,C:\Xcalibur\Data\Collaborators\Nunn\Emma\data_378,C:\Xcalibur\Data\Collaborators\Nunn\Emma\methods\Vantage_nanoAcq_oysterYV_60min_DrM27cm,"1:D,4",2,4.21E+07
17,PRTC peptides,SSAAPPPPPR,P - y4+,y4,16.98,,47476000,O99-1,2017_July_10_bivalves_17,C:\Xcalibur\Data\Collaborators\Nunn\Emma\data_378,C:\Xcalibur\Data\Collaborators\Nunn\Emma\methods\Vantage_nanoAcq_oysterYV_60min_DrM27cm,"1:D,4",2,4.21E+07
18,CHOYP_ACAA2.1.1|m.30666,QYNLTPLAR,L - y6+,y6,25.7,,188342,O103-1,2017_July_10_bivalves_18,C:\Xcalibur\Data\Collaborators\Nunn\Emma\data_378,C:\Xcalibur\Data\Collaborators\Nunn\Emma\methods\Vantage_nanoAcq_oysterYV_60min_DrM27cm,"1:D,5",2,4.25E+07
18,CHOYP_ACAA2.1.1|m.30666,QYNLTPLAR,T - y5+,y5,25.7,,478828,O103-1,2017_July_10_bivalves_18,C:\Xcalibur\Data\Collaborators\Nunn\Emma\data_378,C:\Xcalibur\Data\Collaborators\Nunn\Emma\methods\Vantage_nanoAcq_oysterYV_60min_DrM27cm,"1:D,5",2,4.25E+07
18,PRTC peptides,SSAAPPPPPR,P - y4+,y4,16.85,,45069852,O103-1,2017_July_10_bivalves_18,C:\Xcalibur\Data\Collaborators\Nunn\Emma\data_378,C:\Xcalibur\Data\Collaborators\Nunn\Emma\methods\Vantage_nanoAcq_oysterYV_60min_DrM27cm,"1:D,5",2,4.25E+07
2,CHOYP_ACAA2.1.1|m.30666,QYNLTPLAR,L - y6+,y6,26.23,,104555,O49-1,2017_July_10_bivalves_2,C:\Xcalibur\Data\Collaborators\Nunn\Emma\data_378,C:\Xcalibur\Data\Collaborators\Nunn\Emma\methods\Vantage_nanoAcq_oysterYV_60min_DrM27cm,"1:B,1",2,4.07E+07
2,CHOYP_ACAA2.1.1|m.30666,QYNLTPLAR,T - y5+,y5,26.23,,240140,O49-1,2017_July_10_bivalves_2,C:\Xcalibur\Data\Collaborators\Nunn\Emma\data_378,C:\Xcalibur\Data\Collaborators\Nunn\Emma\methods\Vantage_nanoAcq_oysterYV_60min_DrM27cm,"1:B,1",2,4.07E+07
2,PRTC peptides,SSAAPPPPPR,P - y4+,y4,17.28,,90366608,O49-1,2017_July_10_bivalves_2,C:\Xcalibur\Data\Collaborators\Nunn\Emma\data_378,C:\Xcalibur\Data\Collaborators\Nunn\Emma\methods\Vantage_nanoAcq_oysterYV_60min_DrM27cm,"1:B,1",2,4.07E+07
20,CHOYP_ACAA2.1.1|m.30666,QYNLTPLAR,L - y6+,y6,25.7,,200185,O56-1,2017_July_10_bivalves_20,C:\Xcalibur\Data\Collaborators\Nunn\Emma\data_378,C:\Xcalibur\Data\Collaborators\Nunn\Emma\methods\Vantage_nanoAcq_oysterYV_60min_DrM27cm,"1:E,1",2,4.28E+07
20,CHOYP_ACAA2.1.1|m.30666,QYNLTPLAR,T - y5+,y5,25.7,,434516,O56-1,2017_July_10_bivalves_20,C:\Xcalibur\Data\Collaborators\Nunn\Emma\data_378,C:\Xcalibur\Data\Collaborators\Nunn\Emma\methods\Vantage_nanoAcq_oysterYV_60min_DrM27cm,"1:E,1",2,4.28E+07
20,PRTC peptides,SSAAPPPPPR,P - y4+,y4,16.82,,38292320,O56-1,2017_July_10_bivalves_20,C:\Xcalibur\Data\Collaborators\Nunn\Emma\data_378,C:\Xcalibur\Data\Collaborators\Nunn\Emma\methods\Vantage_nanoAcq_oysterYV_60min_DrM27cm,"1:E,1",2,4.28E+07
21,CHOYP_ACAA2.1.1|m.30666,QYNLTPLAR,L - y6+,y6,25.79,,192205,O10-1,2017_July_10_bivalves_21,C:\Xcalibur\Data\Collaborators\Nunn\Emma\data_378,C:\Xcalibur\Data\Collaborators\Nunn\Emma\methods\Vantage_nanoAcq_oysterYV_60min_DrM27cm,"1:E,2",2,4.25E+07
21,CHOYP_ACAA2.1.1|m.30666,QYNLTPLAR,T - y5+,y5,25.79,,481146,O10-1,2017_July_10_bivalves_21,C:\Xcalibur\Data\Collaborators\Nunn\Emma\data_378,C:\Xcalibur\Data\Collaborators\Nunn\Emma\methods\Vantage_nanoAcq_oysterYV_60min_DrM27cm,"1:E,2",2,4.25E+07
21,PRTC peptides,SSAAPPPPPR,P - y4+,y4,17.08,,101383704,O10-1,2017_July_10_bivalves_21,C:\Xcalibur\Data\Collaborators\Nunn\Emma\data_378,C:\Xcalibur\Data\Collaborators\Nunn\Emma\methods\Vantage_nanoAcq_oysterYV_60min_DrM27cm,"1:E,2",2,4.25E+07
23,CHOYP_ACAA2.1.1|m.30666,QYNLTPLAR,L - y6+,y6,25.83,,115547,O118-1,2017_July_10_bivalves_23,C:\Xcalibur\Data\Collaborators\Nunn\Emma\data_378,C:\Xcalibur\Data\Collaborators\Nunn\Emma\methods\Vantage_nanoAcq_oysterYV_60min_DrM27cm,"1:E,4",2,4.28E+07
23,CHOYP_ACAA2.1.1|m.30666,QYNLTPLAR,T - y5+,y5,25.83,,265885,O118-1,2017_July_10_bivalves_23,C:\Xcalibur\Data\Collaborators\Nunn\Emma\data_378,C:\Xcalibur\Data\Collaborators\Nunn\Emma\methods\Vantage_nanoAcq_oysterYV_60min_DrM27cm,"1:E,4",2,4.28E+07
23,PRTC peptides,SSAAPPPPPR,P - y4+,y4,17.05,,42428408,O118-1,2017_July_10_bivalves_23,C:\Xcalibur\Data\Collaborators\Nunn\Emma\data_378,C:\Xcalibur\Data\Collaborators\Nunn\Emma\methods\Vantage_nanoAcq_oysterYV_60min_DrM27cm,"1:E,4",2,4.28E+07
24,CHOYP_ACAA2.1.1|m.30666,QYNLTPLAR,L - y6+,y6,25.96,,133084,O06-1,2017_July_10_bivalves_24,C:\Xcalibur\Data\Collaborators\Nunn\Emma\data_378,C:\Xcalibur\Data\Collaborators\Nunn\Emma\methods\Vantage_nanoAcq_oysterYV_60min_DrM27cm,"1:E,5",2,4.28E+07
24,CHOYP_ACAA2.1.1|m.30666,QYNLTPLAR,T - y5+,y5,25.96,,309827,O06-1,2017_July_10_bivalves_24,C:\Xcalibur\Data\Collaborators\Nunn\Emma\data_378,C:\Xcalibur\Data\Collaborators\Nunn\Emma\methods\Vantage_nanoAcq_oysterYV_60min_DrM27cm,"1:E,5",2,4.28E+07
24,PRTC peptides,SSAAPPPPPR,P - y4+,y4,17.05,,93123424,O06-1,2017_July_10_bivalves_24,C:\Xcalibur\Data\Collaborators\Nunn\Emma\data_378,C:\Xcalibur\Data\Collaborators\Nunn\Emma\methods\Vantage_nanoAcq_oysterYV_60min_DrM27cm,"1:E,5",2,4.28E+07
26,CHOYP_ACAA2.1.1|m.30666,QYNLTPLAR,L - y6+,y6,25.76,,72062,O08-1,2017_July_10_bivalves_26,C:\Xcalibur\Data\Collaborators\Nunn\Emma\data_378,C:\Xcalibur\Data\Collaborators\Nunn\Emma\methods\Vantage_nanoAcq_oysterYV_60min_DrM27cm,"1:F,1",2,4.21E+07
26,CHOYP_ACAA2.1.1|m.30666,QYNLTPLAR,T - y5+,y5,25.76,,174244,O08-1,2017_July_10_bivalves_26,C:\Xcalibur\Data\Collaborators\Nunn\Emma\data_378,C:\Xcalibur\Data\Collaborators\Nunn\Emma\methods\Vantage_nanoAcq_oysterYV_60min_DrM27cm,"1:F,1",2,4.21E+07
26,PRTC peptides,SSAAPPPPPR,P - y4+,y4,16.95,,39756124,O08-1,2017_July_10_bivalves_26,C:\Xcalibur\Data\Collaborators\Nunn\Emma\data_378,C:\Xcalibur\Data\Collaborators\Nunn\Emma\methods\Vantage_nanoAcq_oysterYV_60min_DrM27cm,"1:F,1",2,4.21E+07
27,CHOYP_ACAA2.1.1|m.30666,QYNLTPLAR,L - y6+,y6,#N/A,,#N/A,O04-1,2017_July_10_bivalves_27,C:\Xcalibur\Data\Collaborators\Nunn\Emma\data_378,C:\Xcalibur\Data\Collaborators\Nunn\Emma\methods\Vantage_nanoAcq_oysterYV_60min_DrM27cm,"1:F,2",2,4.26E+07
27,CHOYP_ACAA2.1.1|m.30666,QYNLTPLAR,T - y5+,y5,#N/A,,#N/A,O04-1,2017_July_10_bivalves_27,C:\Xcalibur\Data\Collaborators\Nunn\Emma\data_378,C:\Xcalibur\Data\Collaborators\Nunn\Emma\methods\Vantage_nanoAcq_oysterYV_60min_DrM27cm,"1:F,2",2,4.26E+07
27,PRTC peptides,SSAAPPPPPR,P - y4+,y4,17.18,,43332788,O04-1,2017_July_10_bivalves_27,C:\Xcalibur\Data\Collaborators\Nunn\Emma\data_378,C:\Xcalibur\Data\Collaborators\Nunn\Emma\methods\Vantage_nanoAcq_oysterYV_60min_DrM27cm,"1:F,2",2,4.26E+07
29,CHOYP_ACAA2.1.1|m.30666,QYNLTPLAR,L - y6+,y6,25.8,,168845,O21-1,2017_July_10_bivalves_29,C:\Xcalibur\Data\Collaborators\Nunn\Emma\data_378,C:\Xcalibur\Data\Collaborators\Nunn\Emma\methods\Vantage_nanoAcq_oysterYV_60min_DrM27cm,"1:F,4",2,4.25E+07
29,CHOYP_ACAA2.1.1|m.30666,QYNLTPLAR,T - y5+,y5,25.8,,340876,O21-1,2017_July_10_bivalves_29,C:\Xcalibur\Data\Collaborators\Nunn\Emma\data_378,C:\Xcalibur\Data\Collaborators\Nunn\Emma\methods\Vantage_nanoAcq_oysterYV_60min_DrM27cm,"1:F,4",2,4.25E+07
29,PRTC peptides,SSAAPPPPPR,P - y4+,y4,17.02,,73276712,O21-1,2017_July_10_bivalves_29,C:\Xcalibur\Data\Collaborators\Nunn\Emma\data_378,C:\Xcalibur\Data\Collaborators\Nunn\Emma\methods\Vantage_nanoAcq_oysterYV_60min_DrM27cm,"1:F,4",2,4.25E+07
30,CHOYP_ACAA2.1.1|m.30666,QYNLTPLAR,L - y6+,y6,25.63,,113893,O51-1,2017_July_10_bivalves_30,C:\Xcalibur\Data\Collaborators\Nunn\Emma\data_378,C:\Xcalibur\Data\Collaborators\Nunn\Emma\methods\Vantage_nanoAcq_oysterYV_60min_DrM27cm,"1:F,5",2,4.27E+07
30,CHOYP_ACAA2.1.1|m.30666,QYNLTPLAR,T - y5+,y5,25.63,,248867,O51-1,2017_July_10_bivalves_30,C:\Xcalibur\Data\Collaborators\Nunn\Emma\data_378,C:\Xcalibur\Data\Collaborators\Nunn\Emma\methods\Vantage_nanoAcq_oysterYV_60min_DrM27cm,"1:F,5",2,4.27E+07
30,PRTC peptides,SSAAPPPPPR,P - y4+,y4,16.89,,63250444,O51-1,2017_July_10_bivalves_30,C:\Xcalibur\Data\Collaborators\Nunn\Emma\data_378,C:\Xcalibur\Data\Collaborators\Nunn\Emma\methods\Vantage_nanoAcq_oysterYV_60min_DrM27cm,"1:F,5",2,4.27E+07
32,CHOYP_ACAA2.1.1|m.30666,QYNLTPLAR,L - y6+,y6,25.83,,55877,O32-1,2017_July_10_bivalves_32,C:\Xcalibur\Data\Collaborators\Nunn\Emma\data_378,C:\Xcalibur\Data\Collaborators\Nunn\Emma\methods\Vantage_nanoAcq_oysterYV_60min_DrM27cm,"2:B,1",2,4.18E+07
32,CHOYP_ACAA2.1.1|m.30666,QYNLTPLAR,T - y5+,y5,25.83,,95253,O32-1,2017_July_10_bivalves_32,C:\Xcalibur\Data\Collaborators\Nunn\Emma\data_378,C:\Xcalibur\Data\Collaborators\Nunn\Emma\methods\Vantage_nanoAcq_oysterYV_60min_DrM27cm,"2:B,1",2,4.18E+07
32,PRTC peptides,SSAAPPPPPR,P - y4+,y4,16.99,,66566696,O32-1,2017_July_10_bivalves_32,C:\Xcalibur\Data\Collaborators\Nunn\Emma\data_378,C:\Xcalibur\Data\Collaborators\Nunn\Emma\methods\Vantage_nanoAcq_oysterYV_60min_DrM27cm,"2:B,1",2,4.18E+07
33,CHOYP_ACAA2.1.1|m.30666,QYNLTPLAR,L - y6+,y6,25.86,,157044,O60-1,2017_July_10_bivalves_33,C:\Xcalibur\Data\Collaborators\Nunn\Emma\data_378,C:\Xcalibur\Data\Collaborators\Nunn\Emma\methods\Vantage_nanoAcq_oysterYV_60min_DrM27cm,"2:B,2",2,4.22E+07
33,CHOYP_ACAA2.1.1|m.30666,QYNLTPLAR,T - y5+,y5,25.86,,349955,O60-1,2017_July_10_bivalves_33,C:\Xcalibur\Data\Collaborators\Nunn\Emma\data_378,C:\Xcalibur\Data\Collaborators\Nunn\Emma\methods\Vantage_nanoAcq_oysterYV_60min_DrM27cm,"2:B,2",2,4.22E+07
33,PRTC peptides,SSAAPPPPPR,P - y4+,y4,16.98,,66959632,O60-1,2017_July_10_bivalves_33,C:\Xcalibur\Data\Collaborators\Nunn\Emma\data_378,C:\Xcalibur\Data\Collaborators\Nunn\Emma\methods\Vantage_nanoAcq_oysterYV_60min_DrM27cm,"2:B,2",2,4.22E+07
35,CHOYP_ACAA2.1.1|m.30666,QYNLTPLAR,L - y6+,y6,25.59,,158051,O91-1,2017_July_10_bivalves_35,C:\Xcalibur\Data\Collaborators\Nunn\Emma\data_378,C:\Xcalibur\Data\Collaborators\Nunn\Emma\methods\Vantage_nanoAcq_oysterYV_60min_DrM27cm,"2:B,4",2,4.26E+07
35,CHOYP_ACAA2.1.1|m.30666,QYNLTPLAR,T - y5+,y5,25.59,,366731,O91-1,2017_July_10_bivalves_35,C:\Xcalibur\Data\Collaborators\Nunn\Emma\data_378,C:\Xcalibur\Data\Collaborators\Nunn\Emma\methods\Vantage_nanoAcq_oysterYV_60min_DrM27cm,"2:B,4",2,4.26E+07
35,PRTC peptides,SSAAPPPPPR,P - y4+,y4,16.78,,73842768,O91-1,2017_July_10_bivalves_35,C:\Xcalibur\Data\Collaborators\Nunn\Emma\data_378,C:\Xcalibur\Data\Collaborators\Nunn\Emma\methods\Vantage_nanoAcq_oysterYV_60min_DrM27cm,"2:B,4",2,4.26E+07
36,CHOYP_ACAA2.1.1|m.30666,QYNLTPLAR,L - y6+,y6,25.7,,65494,O100-1,2017_July_10_bivalves_36,C:\Xcalibur\Data\Collaborators\Nunn\Emma\data_378,C:\Xcalibur\Data\Collaborators\Nunn\Emma\methods\Vantage_nanoAcq_oysterYV_60min_DrM27cm,"2:B,5",2,4.26E+07
36,CHOYP_ACAA2.1.1|m.30666,QYNLTPLAR,T - y5+,y5,25.7,,118584,O100-1,2017_July_10_bivalves_36,C:\Xcalibur\Data\Collaborators\Nunn\Emma\data_378,C:\Xcalibur\Data\Collaborators\Nunn\Emma\methods\Vantage_nanoAcq_oysterYV_60min_DrM27cm,"2:B,5",2,4.26E+07
36,PRTC peptides,SSAAPPPPPR,P - y4+,y4,16.92,,80280624,O100-1,2017_July_10_bivalves_36,C:\Xcalibur\Data\Collaborators\Nunn\Emma\data_378,C:\Xcalibur\Data\Collaborators\Nunn\Emma\methods\Vantage_nanoAcq_oysterYV_60min_DrM27cm,"2:B,5",2,4.26E+07
38,CHOYP_ACAA2.1.1|m.30666,QYNLTPLAR,L - y6+,y6,26.53,,50658,O137-1,2017_July_10_bivalves_38,C:\Xcalibur\Data\Collaborators\Nunn\Emma\data_378,C:\Xcalibur\Data\Collaborators\Nunn\Emma\methods\Vantage_nanoAcq_oysterYV_60min_DrM27cm,"2:C,1",2,4.27E+07
38,CHOYP_ACAA2.1.1|m.30666,QYNLTPLAR,T - y5+,y5,26.53,,130640,O137-1,2017_July_10_bivalves_38,C:\Xcalibur\Data\Collaborators\Nunn\Emma\data_378,C:\Xcalibur\Data\Collaborators\Nunn\Emma\methods\Vantage_nanoAcq_oysterYV_60min_DrM27cm,"2:C,1",2,4.27E+07
38,PRTC peptides,SSAAPPPPPR,P - y4+,y4,17.38,,98718168,O137-1,2017_July_10_bivalves_38,C:\Xcalibur\Data\Collaborators\Nunn\Emma\data_378,C:\Xcalibur\Data\Collaborators\Nunn\Emma\methods\Vantage_nanoAcq_oysterYV_60min_DrM27cm,"2:C,1",2,4.27E+07
39,CHOYP_ACAA2.1.1|m.30666,QYNLTPLAR,L - y6+,y6,26.03,,42308,O96-1,2017_July_10_bivalves_39,C:\Xcalibur\Data\Collaborators\Nunn\Emma\data_378,C:\Xcalibur\Data\Collaborators\Nunn\Emma\methods\Vantage_nanoAcq_oysterYV_60min_DrM27cm,"2:C,2",2,4.26E+07
39,CHOYP_ACAA2.1.1|m.30666,QYNLTPLAR,T - y5+,y5,26.03,,90531,O96-1,2017_July_10_bivalves_39,C:\Xcalibur\Data\Collaborators\Nunn\Emma\data_378,C:\Xcalibur\Data\Collaborators\Nunn\Emma\methods\Vantage_nanoAcq_oysterYV_60min_DrM27cm,"2:C,2",2,4.26E+07
39,PRTC peptides,SSAAPPPPPR,P - y4+,y4,17.25,,92183912,O96-1,2017_July_10_bivalves_39,C:\Xcalibur\Data\Collaborators\Nunn\Emma\data_378,C:\Xcalibur\Data\Collaborators\Nunn\Emma\methods\Vantage_nanoAcq_oysterYV_60min_DrM27cm,"2:C,2",2,4.26E+07
4,CHOYP_ACAA2.1.1|m.30666,QYNLTPLAR,L - y6+,y6,26.53,,102855,O102-1,2017_July_10_bivalves_4,C:\Xcalibur\Data\Collaborators\Nunn\Emma\data_378,C:\Xcalibur\Data\Collaborators\Nunn\Emma\methods\Vantage_nanoAcq_oysterYV_60min_DrM27cm,"1:B,3",2,4.22E+07
4,CHOYP_ACAA2.1.1|m.30666,QYNLTPLAR,T - y5+,y5,26.53,,244058,O102-1,2017_July_10_bivalves_4,C:\Xcalibur\Data\Collaborators\Nunn\Emma\data_378,C:\Xcalibur\Data\Collaborators\Nunn\Emma\methods\Vantage_nanoAcq_oysterYV_60min_DrM27cm,"1:B,3",2,4.22E+07
4,PRTC peptides,SSAAPPPPPR,P - y4+,y4,17.52,,83874448,O102-1,2017_July_10_bivalves_4,C:\Xcalibur\Data\Collaborators\Nunn\Emma\data_378,C:\Xcalibur\Data\Collaborators\Nunn\Emma\methods\Vantage_nanoAcq_oysterYV_60min_DrM27cm,"1:B,3",2,4.22E+07
40,CHOYP_ACAA2.1.1|m.30666,QYNLTPLAR,L - y6+,y6,25.9,,88366,O46-1,2017_July_10_bivalves_40,C:\Xcalibur\Data\Collaborators\Nunn\Emma\data_378,C:\Xcalibur\Data\Collaborators\Nunn\Emma\methods\Vantage_nanoAcq_oysterYV_60min_DrM27cm,"2:C,3",2,4.28E+07
40,CHOYP_ACAA2.1.1|m.30666,QYNLTPLAR,T - y5+,y5,25.9,,184319,O46-1,2017_July_10_bivalves_40,C:\Xcalibur\Data\Collaborators\Nunn\Emma\data_378,C:\Xcalibur\Data\Collaborators\Nunn\Emma\methods\Vantage_nanoAcq_oysterYV_60min_DrM27cm,"2:C,3",2,4.28E+07
40,PRTC peptides,SSAAPPPPPR,P - y4+,y4,17.15,,104744680,O46-1,2017_July_10_bivalves_40,C:\Xcalibur\Data\Collaborators\Nunn\Emma\data_378,C:\Xcalibur\Data\Collaborators\Nunn\Emma\methods\Vantage_nanoAcq_oysterYV_60min_DrM27cm,"2:C,3",2,4.28E+07
41,CHOYP_ACAA2.1.1|m.30666,QYNLTPLAR,L - y6+,y6,25.99,,23129,O90-1,2017_July_10_bivalves_41,C:\Xcalibur\Data\Collaborators\Nunn\Emma\data_378,C:\Xcalibur\Data\Collaborators\Nunn\Emma\methods\Vantage_nanoAcq_oysterYV_60min_DrM27cm,"2:C,4",2,4.29E+07
41,CHOYP_ACAA2.1.1|m.30666,QYNLTPLAR,T - y5+,y5,25.99,,61229,O90-1,2017_July_10_bivalves_41,C:\Xcalibur\Data\Collaborators\Nunn\Emma\data_378,C:\Xcalibur\Data\Collaborators\Nunn\Emma\methods\Vantage_nanoAcq_oysterYV_60min_DrM27cm,"2:C,4",2,4.29E+07
41,PRTC peptides,SSAAPPPPPR,P - y4+,y4,17.18,,120525872,O90-1,2017_July_10_bivalves_41,C:\Xcalibur\Data\Collaborators\Nunn\Emma\data_378,C:\Xcalibur\Data\Collaborators\Nunn\Emma\methods\Vantage_nanoAcq_oysterYV_60min_DrM27cm,"2:C,4",2,4.29E+07
42,CHOYP_ACAA2.1.1|m.30666,QYNLTPLAR,L - y6+,y6,25.8,,100927,O147-1,2017_July_10_bivalves_42,C:\Xcalibur\Data\Collaborators\Nunn\Emma\data_378,C:\Xcalibur\Data\Collaborators\Nunn\Emma\methods\Vantage_nanoAcq_oysterYV_60min_DrM27cm,"2:C,5",2,4.28E+07
42,CHOYP_ACAA2.1.1|m.30666,QYNLTPLAR,T - y5+,y5,25.8,,257531,O147-1,2017_July_10_bivalves_42,C:\Xcalibur\Data\Collaborators\Nunn\Emma\data_378,C:\Xcalibur\Data\Collaborators\Nunn\Emma\methods\Vantage_nanoAcq_oysterYV_60min_DrM27cm,"2:C,5",2,4.28E+07
42,PRTC peptides,SSAAPPPPPR,P - y4+,y4,16.95,,103174024,O147-1,2017_July_10_bivalves_42,C:\Xcalibur\Data\Collaborators\Nunn\Emma\data_378,C:\Xcalibur\Data\Collaborators\Nunn\Emma\methods\Vantage_nanoAcq_oysterYV_60min_DrM27cm,"2:C,5",2,4.28E+07
44,CHOYP_ACAA2.1.1|m.30666,QYNLTPLAR,L - y6+,y6,25.93,,135544,O30-1,2017_July_10_bivalves_44,C:\Xcalibur\Data\Collaborators\Nunn\Emma\data_378,C:\Xcalibur\Data\Collaborators\Nunn\Emma\methods\Vantage_nanoAcq_oysterYV_60min_DrM27cm,"2:D,1",2,4.23E+07
44,CHOYP_ACAA2.1.1|m.30666,QYNLTPLAR,T - y5+,y5,25.93,,318629,O30-1,2017_July_10_bivalves_44,C:\Xcalibur\Data\Collaborators\Nunn\Emma\data_378,C:\Xcalibur\Data\Collaborators\Nunn\Emma\methods\Vantage_nanoAcq_oysterYV_60min_DrM27cm,"2:D,1",2,4.23E+07
44,PRTC peptides,SSAAPPPPPR,P - y4+,y4,17.12,,90358728,O30-1,2017_July_10_bivalves_44,C:\Xcalibur\Data\Collaborators\Nunn\Emma\data_378,C:\Xcalibur\Data\Collaborators\Nunn\Emma\methods\Vantage_nanoAcq_oysterYV_60min_DrM27cm,"2:D,1",2,4.23E+07
45,CHOYP_ACAA2.1.1|m.30666,QYNLTPLAR,L - y6+,y6,26,,59596,O31-1,2017_July_10_bivalves_45,C:\Xcalibur\Data\Collaborators\Nunn\Emma\data_378,C:\Xcalibur\Data\Collaborators\Nunn\Emma\methods\Vantage_nanoAcq_oysterYV_60min_DrM27cm,"2:D,2",2,3.74E+07
45,CHOYP_ACAA2.1.1|m.30666,QYNLTPLAR,T - y5+,y5,26,,154440,O31-1,2017_July_10_bivalves_45,C:\Xcalibur\Data\Collaborators\Nunn\Emma\data_378,C:\Xcalibur\Data\Collaborators\Nunn\Emma\methods\Vantage_nanoAcq_oysterYV_60min_DrM27cm,"2:D,2",2,3.74E+07
45,PRTC peptides,SSAAPPPPPR,P - y4+,y4,17.09,,42735188,O31-1,2017_July_10_bivalves_45,C:\Xcalibur\Data\Collaborators\Nunn\Emma\data_378,C:\Xcalibur\Data\Collaborators\Nunn\Emma\methods\Vantage_nanoAcq_oysterYV_60min_DrM27cm,"2:D,2",2,3.74E+07
46,CHOYP_ACAA2.1.1|m.30666,QYNLTPLAR,L - y6+,y6,25.93,,112957,O131-1,2017_July_10_bivalves_46,C:\Xcalibur\Data\Collaborators\Nunn\Emma\data_378,C:\Xcalibur\Data\Collaborators\Nunn\Emma\methods\Vantage_nanoAcq_oysterYV_60min_DrM27cm,"2:D,3",2,3.61E+07
46,CHOYP_ACAA2.1.1|m.30666,QYNLTPLAR,T - y5+,y5,25.93,,245576,O131-1,2017_July_10_bivalves_46,C:\Xcalibur\Data\Collaborators\Nunn\Emma\data_378,C:\Xcalibur\Data\Collaborators\Nunn\Emma\methods\Vantage_nanoAcq_oysterYV_60min_DrM27cm,"2:D,3",2,3.61E+07
46,PRTC peptides,SSAAPPPPPR,P - y4+,y4,17.12,,45170364,O131-1,2017_July_10_bivalves_46,C:\Xcalibur\Data\Collaborators\Nunn\Emma\data_378,C:\Xcalibur\Data\Collaborators\Nunn\Emma\methods\Vantage_nanoAcq_oysterYV_60min_DrM27cm,"2:D,3",2,3.61E+07
47,CHOYP_ACAA2.1.1|m.30666,QYNLTPLAR,L - y6+,y6,25.96,,159514,O35-1,2017_July_10_bivalves_47,C:\Xcalibur\Data\Collaborators\Nunn\Emma\data_378,C:\Xcalibur\Data\Collaborators\Nunn\Emma\methods\Vantage_nanoAcq_oysterYV_60min_DrM27cm,"2:D,4",2,3.85E+07
47,CHOYP_ACAA2.1.1|m.30666,QYNLTPLAR,T - y5+,y5,25.96,,390018,O35-1,2017_July_10_bivalves_47,C:\Xcalibur\Data\Collaborators\Nunn\Emma\data_378,C:\Xcalibur\Data\Collaborators\Nunn\Emma\methods\Vantage_nanoAcq_oysterYV_60min_DrM27cm,"2:D,4",2,3.85E+07
47,PRTC peptides,SSAAPPPPPR,P - y4+,y4,17.05,,35211356,O35-1,2017_July_10_bivalves_47,C:\Xcalibur\Data\Collaborators\Nunn\Emma\data_378,C:\Xcalibur\Data\Collaborators\Nunn\Emma\methods\Vantage_nanoAcq_oysterYV_60min_DrM27cm,"2:D,4",2,3.85E+07
48,CHOYP_ACAA2.1.1|m.30666,QYNLTPLAR,L - y6+,y6,25.79,,75700,O24-1,2017_July_10_bivalves_48,C:\Xcalibur\Data\Collaborators\Nunn\Emma\data_378,C:\Xcalibur\Data\Collaborators\Nunn\Emma\methods\Vantage_nanoAcq_oysterYV_60min_DrM27cm,"2:D,5",2,3.67E+07
48,CHOYP_ACAA2.1.1|m.30666,QYNLTPLAR,T - y5+,y5,25.79,,162190,O24-1,2017_July_10_bivalves_48,C:\Xcalibur\Data\Collaborators\Nunn\Emma\data_378,C:\Xcalibur\Data\Collaborators\Nunn\Emma\methods\Vantage_nanoAcq_oysterYV_60min_DrM27cm,"2:D,5",2,3.67E+07
48,PRTC peptides,SSAAPPPPPR,P - y4+,y4,16.88,,39526516,O24-1,2017_July_10_bivalves_48,C:\Xcalibur\Data\Collaborators\Nunn\Emma\data_378,C:\Xcalibur\Data\Collaborators\Nunn\Emma\methods\Vantage_nanoAcq_oysterYV_60min_DrM27cm,"2:D,5",2,3.67E+07
50,CHOYP_ACAA2.1.1|m.30666,QYNLTPLAR,L - y6+,y6,25.8,,89743,O43-1,2017_July_10_bivalves_50,C:\Xcalibur\Data\Collaborators\Nunn\Emma\data_378,C:\Xcalibur\Data\Collaborators\Nunn\Emma\methods\Vantage_nanoAcq_oysterYV_60min_DrM27cm,"2:E,1",2,3.99E+07
50,CHOYP_ACAA2.1.1|m.30666,QYNLTPLAR,T - y5+,y5,25.8,,214434,O43-1,2017_July_10_bivalves_50,C:\Xcalibur\Data\Collaborators\Nunn\Emma\data_378,C:\Xcalibur\Data\Collaborators\Nunn\Emma\methods\Vantage_nanoAcq_oysterYV_60min_DrM27cm,"2:E,1",2,3.99E+07
50,PRTC peptides,SSAAPPPPPR,P - y4+,y4,16.92,,44269500,O43-1,2017_July_10_bivalves_50,C:\Xcalibur\Data\Collaborators\Nunn\Emma\data_378,C:\Xcalibur\Data\Collaborators\Nunn\Emma\methods\Vantage_nanoAcq_oysterYV_60min_DrM27cm,"2:E,1",2,3.99E+07
51,CHOYP_ACAA2.1.1|m.30666,QYNLTPLAR,L - y6+,y6,25.86,,77795,O40-1,2017_July_10_bivalves_51,C:\Xcalibur\Data\Collaborators\Nunn\Emma\data_378,C:\Xcalibur\Data\Collaborators\Nunn\Emma\methods\Vantage_nanoAcq_oysterYV_60min_DrM27cm,"2:E,2",2,3.93E+07
51,CHOYP_ACAA2.1.1|m.30666,QYNLTPLAR,T - y5+,y5,25.86,,177313,O40-1,2017_July_10_bivalves_51,C:\Xcalibur\Data\Collaborators\Nunn\Emma\data_378,C:\Xcalibur\Data\Collaborators\Nunn\Emma\methods\Vantage_nanoAcq_oysterYV_60min_DrM27cm,"2:E,2",2,3.93E+07
51,PRTC peptides,SSAAPPPPPR,P - y4+,y4,16.95,,43600728,O40-1,2017_July_10_bivalves_51,C:\Xcalibur\Data\Collaborators\Nunn\Emma\data_378,C:\Xcalibur\Data\Collaborators\Nunn\Emma\methods\Vantage_nanoAcq_oysterYV_60min_DrM27cm,"2:E,2",2,3.93E+07
52,CHOYP_ACAA2.1.1|m.30666,QYNLTPLAR,L - y6+,y6,25.86,,41051,O26-1,2017_July_10_bivalves_52,C:\Xcalibur\Data\Collaborators\Nunn\Emma\data_378,C:\Xcalibur\Data\Collaborators\Nunn\Emma\methods\Vantage_nanoAcq_oysterYV_60min_DrM27cm,"2:E,3",2,3.89E+07
52,CHOYP_ACAA2.1.1|m.30666,QYNLTPLAR,T - y5+,y5,25.86,,89411,O26-1,2017_July_10_bivalves_52,C:\Xcalibur\Data\Collaborators\Nunn\Emma\data_378,C:\Xcalibur\Data\Collaborators\Nunn\Emma\methods\Vantage_nanoAcq_oysterYV_60min_DrM27cm,"2:E,3",2,3.89E+07
52,PRTC peptides,SSAAPPPPPR,P - y4+,y4,16.98,,45039412,O26-1,2017_July_10_bivalves_52,C:\Xcalibur\Data\Collaborators\Nunn\Emma\data_378,C:\Xcalibur\Data\Collaborators\Nunn\Emma\methods\Vantage_nanoAcq_oysterYV_60min_DrM27cm,"2:E,3",2,3.89E+07
53,CHOYP_ACAA2.1.1|m.30666,QYNLTPLAR,L - y6+,y6,25.8,,127672,O78-1,2017_July_10_bivalves_53,C:\Xcalibur\Data\Collaborators\Nunn\Emma\data_378,C:\Xcalibur\Data\Collaborators\Nunn\Emma\methods\Vantage_nanoAcq_oysterYV_60min_DrM27cm,"2:E,4",2,3.58E+07
53,CHOYP_ACAA2.1.1|m.30666,QYNLTPLAR,T - y5+,y5,25.8,,360484,O78-1,2017_July_10_bivalves_53,C:\Xcalibur\Data\Collaborators\Nunn\Emma\data_378,C:\Xcalibur\Data\Collaborators\Nunn\Emma\methods\Vantage_nanoAcq_oysterYV_60min_DrM27cm,"2:E,4",2,3.58E+07
53,PRTC peptides,SSAAPPPPPR,P - y4+,y4,16.95,,39963272,O78-1,2017_July_10_bivalves_53,C:\Xcalibur\Data\Collaborators\Nunn\Emma\data_378,C:\Xcalibur\Data\Collaborators\Nunn\Emma\methods\Vantage_nanoAcq_oysterYV_60min_DrM27cm,"2:E,4",2,3.58E+07
54,CHOYP_ACAA2.1.1|m.30666,QYNLTPLAR,L - y6+,y6,25.73,,48278,O124-1,2017_July_10_bivalves_54,C:\Xcalibur\Data\Collaborators\Nunn\Emma\data_378,C:\Xcalibur\Data\Collaborators\Nunn\Emma\methods\Vantage_nanoAcq_oysterYV_60min_DrM27cm,"2:E,5",2,3.78E+07
54,CHOYP_ACAA2.1.1|m.30666,QYNLTPLAR,T - y5+,y5,25.73,,113195,O124-1,2017_July_10_bivalves_54,C:\Xcalibur\Data\Collaborators\Nunn\Emma\data_378,C:\Xcalibur\Data\Collaborators\Nunn\Emma\methods\Vantage_nanoAcq_oysterYV_60min_DrM27cm,"2:E,5",2,3.78E+07
54,PRTC peptides,SSAAPPPPPR,P - y4+,y4,16.95,,49160560,O124-1,2017_July_10_bivalves_54,C:\Xcalibur\Data\Collaborators\Nunn\Emma\data_378,C:\Xcalibur\Data\Collaborators\Nunn\Emma\methods\Vantage_nanoAcq_oysterYV_60min_DrM27cm,"2:E,5",2,3.78E+07
56,CHOYP_ACAA2.1.1|m.30666,QYNLTPLAR,L - y6+,y6,25.76,,145494,O64-1,2017_July_10_bivalves_56,C:\Xcalibur\Data\Collaborators\Nunn\Emma\data_378,C:\Xcalibur\Data\Collaborators\Nunn\Emma\methods\Vantage_nanoAcq_oysterYV_60min_DrM27cm,"2:F,1",2,3.81E+07
56,CHOYP_ACAA2.1.1|m.30666,QYNLTPLAR,T - y5+,y5,25.76,,311711,O64-1,2017_July_10_bivalves_56,C:\Xcalibur\Data\Collaborators\Nunn\Emma\data_378,C:\Xcalibur\Data\Collaborators\Nunn\Emma\methods\Vantage_nanoAcq_oysterYV_60min_DrM27cm,"2:F,1",2,3.81E+07
56,PRTC peptides,SSAAPPPPPR,P - y4+,y4,16.92,,43610776,O64-1,2017_July_10_bivalves_56,C:\Xcalibur\Data\Collaborators\Nunn\Emma\data_378,C:\Xcalibur\Data\Collaborators\Nunn\Emma\methods\Vantage_nanoAcq_oysterYV_60min_DrM27cm,"2:F,1",2,3.81E+07
57,CHOYP_ACAA2.1.1|m.30666,QYNLTPLAR,L - y6+,y6,25.73,,176680,O140-1,2017_July_10_bivalves_57,C:\Xcalibur\Data\Collaborators\Nunn\Emma\data_378,C:\Xcalibur\Data\Collaborators\Nunn\Emma\methods\Vantage_nanoAcq_oysterYV_60min_DrM27cm,"2:F,2",2,3.17E+07
57,CHOYP_ACAA2.1.1|m.30666,QYNLTPLAR,T - y5+,y5,25.73,,415528,O140-1,2017_July_10_bivalves_57,C:\Xcalibur\Data\Collaborators\Nunn\Emma\data_378,C:\Xcalibur\Data\Collaborators\Nunn\Emma\methods\Vantage_nanoAcq_oysterYV_60min_DrM27cm,"2:F,2",2,3.17E+07
57,PRTC peptides,SSAAPPPPPR,P - y4+,y4,16.95,,39700340,O140-1,2017_July_10_bivalves_57,C:\Xcalibur\Data\Collaborators\Nunn\Emma\data_378,C:\Xcalibur\Data\Collaborators\Nunn\Emma\methods\Vantage_nanoAcq_oysterYV_60min_DrM27cm,"2:F,2",2,3.17E+07
58,CHOYP_ACAA2.1.1|m.30666,QYNLTPLAR,L - y6+,y6,25.89,,82267,O66-1,2017_July_10_bivalves_58,C:\Xcalibur\Data\Collaborators\Nunn\Emma\data_378,C:\Xcalibur\Data\Collaborators\Nunn\Emma\methods\Vantage_nanoAcq_oysterYV_60min_DrM27cm,"2:F,3",2,3.43E+07
58,CHOYP_ACAA2.1.1|m.30666,QYNLTPLAR,T - y5+,y5,25.89,,225042,O66-1,2017_July_10_bivalves_58,C:\Xcalibur\Data\Collaborators\Nunn\Emma\data_378,C:\Xcalibur\Data\Collaborators\Nunn\Emma\methods\Vantage_nanoAcq_oysterYV_60min_DrM27cm,"2:F,3",2,3.43E+07
58,PRTC peptides,SSAAPPPPPR,P - y4+,y4,17.05,,38975644,O66-1,2017_July_10_bivalves_58,C:\Xcalibur\Data\Collaborators\Nunn\Emma\data_378,C:\Xcalibur\Data\Collaborators\Nunn\Emma\methods\Vantage_nanoAcq_oysterYV_60min_DrM27cm,"2:F,3",2,3.43E+07
59,CHOYP_ACAA2.1.1|m.30666,QYNLTPLAR,L - y6+,y6,25.82,,164818,O121-1,2017_July_10_bivalves_59,C:\Xcalibur\Data\Collaborators\Nunn\Emma\data_378,C:\Xcalibur\Data\Collaborators\Nunn\Emma\methods\Vantage_nanoAcq_oysterYV_60min_DrM27cm,"2:F,4",2,3.27E+07
59,CHOYP_ACAA2.1.1|m.30666,QYNLTPLAR,T - y5+,y5,25.82,,401091,O121-1,2017_July_10_bivalves_59,C:\Xcalibur\Data\Collaborators\Nunn\Emma\data_378,C:\Xcalibur\Data\Collaborators\Nunn\Emma\methods\Vantage_nanoAcq_oysterYV_60min_DrM27cm,"2:F,4",2,3.27E+07
59,PRTC peptides,SSAAPPPPPR,P - y4+,y4,17.01,,34760944,O121-1,2017_July_10_bivalves_59,C:\Xcalibur\Data\Collaborators\Nunn\Emma\data_378,C:\Xcalibur\Data\Collaborators\Nunn\Emma\methods\Vantage_nanoAcq_oysterYV_60min_DrM27cm,"2:F,4",2,3.27E+07
6,CHOYP_ACAA2.1.1|m.30666,QYNLTPLAR,L - y6+,y6,26.29,,91315,O122-1,2017_July_10_bivalves_6,C:\Xcalibur\Data\Collaborators\Nunn\Emma\data_378,C:\Xcalibur\Data\Collaborators\Nunn\Emma\methods\Vantage_nanoAcq_oysterYV_60min_DrM27cm,"1:B,5",2,4.18E+07
6,CHOYP_ACAA2.1.1|m.30666,QYNLTPLAR,T - y5+,y5,26.29,,234426,O122-1,2017_July_10_bivalves_6,C:\Xcalibur\Data\Collaborators\Nunn\Emma\data_378,C:\Xcalibur\Data\Collaborators\Nunn\Emma\methods\Vantage_nanoAcq_oysterYV_60min_DrM27cm,"1:B,5",2,4.18E+07
6,PRTC peptides,SSAAPPPPPR,P - y4+,y4,17.28,,73595512,O122-1,2017_July_10_bivalves_6,C:\Xcalibur\Data\Collaborators\Nunn\Emma\data_378,C:\Xcalibur\Data\Collaborators\Nunn\Emma\methods\Vantage_nanoAcq_oysterYV_60min_DrM27cm,"1:B,5",2,4.18E+07
60,CHOYP_ACAA2.1.1|m.30666,QYNLTPLAR,L - y6+,y6,#N/A,,#N/A,OBLNK2-1,2017_July_10_bivalves_60,C:\Xcalibur\Data\Collaborators\Nunn\Emma\data_378,C:\Xcalibur\Data\Collaborators\Nunn\Emma\methods\Vantage_nanoAcq_oysterYV_60min_DrM27cm,"2:F,5",2,3.54E+07
60,CHOYP_ACAA2.1.1|m.30666,QYNLTPLAR,T - y5+,y5,#N/A,,#N/A,OBLNK2-1,2017_July_10_bivalves_60,C:\Xcalibur\Data\Collaborators\Nunn\Emma\data_378,C:\Xcalibur\Data\Collaborators\Nunn\Emma\methods\Vantage_nanoAcq_oysterYV_60min_DrM27cm,"2:F,5",2,3.54E+07
60,PRTC peptides,SSAAPPPPPR,P - y4+,y4,17.09,,37855680,OBLNK2-1,2017_July_10_bivalves_60,C:\Xcalibur\Data\Collaborators\Nunn\Emma\data_378,C:\Xcalibur\Data\Collaborators\Nunn\Emma\methods\Vantage_nanoAcq_oysterYV_60min_DrM27cm,"2:F,5",2,3.54E+07
62,CHOYP_ACAA2.1.1|m.30666,QYNLTPLAR,L - y6+,y6,25.99,,105027,O17-2,2017_July_10_bivalves_62,C:\Xcalibur\Data\Collaborators\Nunn\Emma\data_378,C:\Xcalibur\Data\Collaborators\Nunn\Emma\methods\Vantage_nanoAcq_oysterYV_60min_DrM27cm,"1:B,1",2,4.25E+07
62,CHOYP_ACAA2.1.1|m.30666,QYNLTPLAR,T - y5+,y5,25.99,,267006,O17-2,2017_July_10_bivalves_62,C:\Xcalibur\Data\Collaborators\Nunn\Emma\data_378,C:\Xcalibur\Data\Collaborators\Nunn\Emma\methods\Vantage_nanoAcq_oysterYV_60min_DrM27cm,"1:B,1",2,4.25E+07
62,PRTC peptides,SSAAPPPPPR,P - y4+,y4,17.22,,107803864,O17-2,2017_July_10_bivalves_62,C:\Xcalibur\Data\Collaborators\Nunn\Emma\data_378,C:\Xcalibur\Data\Collaborators\Nunn\Emma\methods\Vantage_nanoAcq_oysterYV_60min_DrM27cm,"1:B,1",2,4.25E+07
63,CHOYP_ACAA2.1.1|m.30666,QYNLTPLAR,L - y6+,y6,25.93,,84164,O56-2,2017_July_10_bivalves_63,C:\Xcalibur\Data\Collaborators\Nunn\Emma\data_378,C:\Xcalibur\Data\Collaborators\Nunn\Emma\methods\Vantage_nanoAcq_oysterYV_60min_DrM27cm,"1:B,2",2,4.26E+07
63,CHOYP_ACAA2.1.1|m.30666,QYNLTPLAR,T - y5+,y5,25.93,,202134,O56-2,2017_July_10_bivalves_63,C:\Xcalibur\Data\Collaborators\Nunn\Emma\data_378,C:\Xcalibur\Data\Collaborators\Nunn\Emma\methods\Vantage_nanoAcq_oysterYV_60min_DrM27cm,"1:B,2",2,4.26E+07
63,PRTC peptides,SSAAPPPPPR,P - y4+,y4,17.15,,118051136,O56-2,2017_July_10_bivalves_63,C:\Xcalibur\Data\Collaborators\Nunn\Emma\data_378,C:\Xcalibur\Data\Collaborators\Nunn\Emma\methods\Vantage_nanoAcq_oysterYV_60min_DrM27cm,"1:B,2",2,4.26E+07
64,CHOYP_ACAA2.1.1|m.30666,QYNLTPLAR,L - y6+,y6,25.89,,135992,O106-2,2017_July_10_bivalves_64,C:\Xcalibur\Data\Collaborators\Nunn\Emma\data_378,C:\Xcalibur\Data\Collaborators\Nunn\Emma\methods\Vantage_nanoAcq_oysterYV_60min_DrM27cm,"1:B,3",2,4.20E+07
64,CHOYP_ACAA2.1.1|m.30666,QYNLTPLAR,T - y5+,y5,25.89,,322827,O106-2,2017_July_10_bivalves_64,C:\Xcalibur\Data\Collaborators\Nunn\Emma\data_378,C:\Xcalibur\Data\Collaborators\Nunn\Emma\methods\Vantage_nanoAcq_oysterYV_60min_DrM27cm,"1:B,3",2,4.20E+07
64,PRTC peptides,SSAAPPPPPR,P - y4+,y4,17.08,,106377000,O106-2,2017_July_10_bivalves_64,C:\Xcalibur\Data\Collaborators\Nunn\Emma\data_378,C:\Xcalibur\Data\Collaborators\Nunn\Emma\methods\Vantage_nanoAcq_oysterYV_60min_DrM27cm,"1:B,3",2,4.20E+07
65,CHOYP_ACAA2.1.1|m.30666,QYNLTPLAR,L - y6+,y6,25.79,,82896,O10-2,2017_July_10_bivalves_65,C:\Xcalibur\Data\Collaborators\Nunn\Emma\data_378,C:\Xcalibur\Data\Collaborators\Nunn\Emma\methods\Vantage_nanoAcq_oysterYV_60min_DrM27cm,"1:B,4",2,4.19E+07
65,CHOYP_ACAA2.1.1|m.30666,QYNLTPLAR,T - y5+,y5,25.79,,206978,O10-2,2017_July_10_bivalves_65,C:\Xcalibur\Data\Collaborators\Nunn\Emma\data_378,C:\Xcalibur\Data\Collaborators\Nunn\Emma\methods\Vantage_nanoAcq_oysterYV_60min_DrM27cm,"1:B,4",2,4.19E+07
65,PRTC peptides,SSAAPPPPPR,P - y4+,y4,17.05,,105463768,O10-2,2017_July_10_bivalves_65,C:\Xcalibur\Data\Collaborators\Nunn\Emma\data_378,C:\Xcalibur\Data\Collaborators\Nunn\Emma\methods\Vantage_nanoAcq_oysterYV_60min_DrM27cm,"1:B,4",2,4.19E+07
66,CHOYP_ACAA2.1.1|m.30666,QYNLTPLAR,L - y6+,y6,25.86,,71415,O51-2,2017_July_10_bivalves_66,C:\Xcalibur\Data\Collaborators\Nunn\Emma\data_378,C:\Xcalibur\Data\Collaborators\Nunn\Emma\methods\Vantage_nanoAcq_oysterYV_60min_DrM27cm,"1:B,5",2,4.26E+07
66,CHOYP_ACAA2.1.1|m.30666,QYNLTPLAR,T - y5+,y5,25.86,,165401,O51-2,2017_July_10_bivalves_66,C:\Xcalibur\Data\Collaborators\Nunn\Emma\data_378,C:\Xcalibur\Data\Collaborators\Nunn\Emma\methods\Vantage_nanoAcq_oysterYV_60min_DrM27cm,"1:B,5",2,4.26E+07
66,PRTC peptides,SSAAPPPPPR,P - y4+,y4,17.09,,104933192,O51-2,2017_July_10_bivalves_66,C:\Xcalibur\Data\Collaborators\Nunn\Emma\data_378,C:\Xcalibur\Data\Collaborators\Nunn\Emma\methods\Vantage_nanoAcq_oysterYV_60min_DrM27cm,"1:B,5",2,4.26E+07
68,CHOYP_ACAA2.1.1|m.30666,QYNLTPLAR,L - y6+,y6,25.83,,206619,O145-2,2017_July_10_bivalves_68,C:\Xcalibur\Data\Collaborators\Nunn\Emma\data_378,C:\Xcalibur\Data\Collaborators\Nunn\Emma\methods\Vantage_nanoAcq_oysterYV_60min_DrM27cm,"1:C,1",2,4.27E+07
68,CHOYP_ACAA2.1.1|m.30666,QYNLTPLAR,T - y5+,y5,25.83,,495238,O145-2,2017_July_10_bivalves_68,C:\Xcalibur\Data\Collaborators\Nunn\Emma\data_378,C:\Xcalibur\Data\Collaborators\Nunn\Emma\methods\Vantage_nanoAcq_oysterYV_60min_DrM27cm,"1:C,1",2,4.27E+07
68,PRTC peptides,SSAAPPPPPR,P - y4+,y4,17.18,,95990584,O145-2,2017_July_10_bivalves_68,C:\Xcalibur\Data\Collaborators\Nunn\Emma\data_378,C:\Xcalibur\Data\Collaborators\Nunn\Emma\methods\Vantage_nanoAcq_oysterYV_60min_DrM27cm,"1:C,1",2,4.27E+07
69,CHOYP_ACAA2.1.1|m.30666,QYNLTPLAR,L - y6+,y6,25.96,,115511,O71-2,2017_July_10_bivalves_69,C:\Xcalibur\Data\Collaborators\Nunn\Emma\data_378,C:\Xcalibur\Data\Collaborators\Nunn\Emma\methods\Vantage_nanoAcq_oysterYV_60min_DrM27cm,"1:C,2",2,4.29E+07
69,CHOYP_ACAA2.1.1|m.30666,QYNLTPLAR,T - y5+,y5,25.96,,302086,O71-2,2017_July_10_bivalves_69,C:\Xcalibur\Data\Collaborators\Nunn\Emma\data_378,C:\Xcalibur\Data\Collaborators\Nunn\Emma\methods\Vantage_nanoAcq_oysterYV_60min_DrM27cm,"1:C,2",2,4.29E+07
69,PRTC peptides,SSAAPPPPPR,P - y4+,y4,17.25,,122866048,O71-2,2017_July_10_bivalves_69,C:\Xcalibur\Data\Collaborators\Nunn\Emma\data_378,C:\Xcalibur\Data\Collaborators\Nunn\Emma\methods\Vantage_nanoAcq_oysterYV_60min_DrM27cm,"1:C,2",2,4.29E+07
70,CHOYP_ACAA2.1.1|m.30666,QYNLTPLAR,L - y6+,y6,25.76,,121153,O49-2,2017_July_10_bivalves_70,C:\Xcalibur\Data\Collaborators\Nunn\Emma\data_378,C:\Xcalibur\Data\Collaborators\Nunn\Emma\methods\Vantage_nanoAcq_oysterYV_60min_DrM27cm,"1:C,3",2,4.29E+07
70,CHOYP_ACAA2.1.1|m.30666,QYNLTPLAR,T - y5+,y5,25.76,,265767,O49-2,2017_July_10_bivalves_70,C:\Xcalibur\Data\Collaborators\Nunn\Emma\data_378,C:\Xcalibur\Data\Collaborators\Nunn\Emma\methods\Vantage_nanoAcq_oysterYV_60min_DrM27cm,"1:C,3",2,4.29E+07
70,PRTC peptides,SSAAPPPPPR,P - y4+,y4,16.98,,109330248,O49-2,2017_July_10_bivalves_70,C:\Xcalibur\Data\Collaborators\Nunn\Emma\data_378,C:\Xcalibur\Data\Collaborators\Nunn\Emma\methods\Vantage_nanoAcq_oysterYV_60min_DrM27cm,"1:C,3",2,4.29E+07
71,CHOYP_ACAA2.1.1|m.30666,QYNLTPLAR,L - y6+,y6,25.93,,42540,O06-2,2017_July_10_bivalves_71,C:\Xcalibur\Data\Collaborators\Nunn\Emma\data_378,C:\Xcalibur\Data\Collaborators\Nunn\Emma\methods\Vantage_nanoAcq_oysterYV_60min_DrM27cm,"1:C,4",2,4.29E+07
71,CHOYP_ACAA2.1.1|m.30666,QYNLTPLAR,T - y5+,y5,25.93,,82609,O06-2,2017_July_10_bivalves_71,C:\Xcalibur\Data\Collaborators\Nunn\Emma\data_378,C:\Xcalibur\Data\Collaborators\Nunn\Emma\methods\Vantage_nanoAcq_oysterYV_60min_DrM27cm,"1:C,4",2,4.29E+07
71,PRTC peptides,SSAAPPPPPR,P - y4+,y4,17.18,,124014240,O06-2,2017_July_10_bivalves_71,C:\Xcalibur\Data\Collaborators\Nunn\Emma\data_378,C:\Xcalibur\Data\Collaborators\Nunn\Emma\methods\Vantage_nanoAcq_oysterYV_60min_DrM27cm,"1:C,4",2,4.29E+07
72,CHOYP_ACAA2.1.1|m.30666,QYNLTPLAR,L - y6+,y6,25.86,,81578,O21-2,2017_July_10_bivalves_72,C:\Xcalibur\Data\Collaborators\Nunn\Emma\data_378,C:\Xcalibur\Data\Collaborators\Nunn\Emma\methods\Vantage_nanoAcq_oysterYV_60min_DrM27cm,"1:C,5",2,4.29E+07
72,CHOYP_ACAA2.1.1|m.30666,QYNLTPLAR,T - y5+,y5,25.86,,185588,O21-2,2017_July_10_bivalves_72,C:\Xcalibur\Data\Collaborators\Nunn\Emma\data_378,C:\Xcalibur\Data\Collaborators\Nunn\Emma\methods\Vantage_nanoAcq_oysterYV_60min_DrM27cm,"1:C,5",2,4.29E+07
72,PRTC peptides,SSAAPPPPPR,P - y4+,y4,17.15,,127909528,O21-2,2017_July_10_bivalves_72,C:\Xcalibur\Data\Collaborators\Nunn\Emma\data_378,C:\Xcalibur\Data\Collaborators\Nunn\Emma\methods\Vantage_nanoAcq_oysterYV_60min_DrM27cm,"1:C,5",2,4.29E+07
76,CHOYP_ACAA2.1.1|m.30666,QYNLTPLAR,L - y6+,y6,25.8,,94135,O52-2,2017_July_10_bivalves_76,C:\Xcalibur\Data\Collaborators\Nunn\Emma\data_378,C:\Xcalibur\Data\Collaborators\Nunn\Emma\methods\Vantage_nanoAcq_oysterYV_60min_DrM27cm,"1:D,3",2,4.29E+07
76,CHOYP_ACAA2.1.1|m.30666,QYNLTPLAR,T - y5+,y5,25.8,,221760,O52-2,2017_July_10_bivalves_76,C:\Xcalibur\Data\Collaborators\Nunn\Emma\data_378,C:\Xcalibur\Data\Collaborators\Nunn\Emma\methods\Vantage_nanoAcq_oysterYV_60min_DrM27cm,"1:D,3",2,4.29E+07
76,PRTC peptides,SSAAPPPPPR,P - y4+,y4,17.02,,149859184,O52-2,2017_July_10_bivalves_76,C:\Xcalibur\Data\Collaborators\Nunn\Emma\data_378,C:\Xcalibur\Data\Collaborators\Nunn\Emma\methods\Vantage_nanoAcq_oysterYV_60min_DrM27cm,"1:D,3",2,4.29E+07
77,CHOYP_ACAA2.1.1|m.30666,QYNLTPLAR,L - y6+,y6,25.76,,152312,O122-2,2017_July_10_bivalves_77,C:\Xcalibur\Data\Collaborators\Nunn\Emma\data_378,C:\Xcalibur\Data\Collaborators\Nunn\Emma\methods\Vantage_nanoAcq_oysterYV_60min_DrM27cm,"1:D,4",2,4.27E+07
77,CHOYP_ACAA2.1.1|m.30666,QYNLTPLAR,T - y5+,y5,25.76,,315157,O122-2,2017_July_10_bivalves_77,C:\Xcalibur\Data\Collaborators\Nunn\Emma\data_378,C:\Xcalibur\Data\Collaborators\Nunn\Emma\methods\Vantage_nanoAcq_oysterYV_60min_DrM27cm,"1:D,4",2,4.27E+07
77,PRTC peptides,SSAAPPPPPR,P - y4+,y4,17.05,,106882224,O122-2,2017_July_10_bivalves_77,C:\Xcalibur\Data\Collaborators\Nunn\Emma\data_378,C:\Xcalibur\Data\Collaborators\Nunn\Emma\methods\Vantage_nanoAcq_oysterYV_60min_DrM27cm,"1:D,4",2,4.27E+07
78,CHOYP_ACAA2.1.1|m.30666,QYNLTPLAR,L - y6+,y6,25.93,,63922,O39-2,2017_July_10_bivalves_78,C:\Xcalibur\Data\Collaborators\Nunn\Emma\data_378,C:\Xcalibur\Data\Collaborators\Nunn\Emma\methods\Vantage_nanoAcq_oysterYV_60min_DrM27cm,"1:D,5",2,4.29E+07
78,CHOYP_ACAA2.1.1|m.30666,QYNLTPLAR,T - y5+,y5,25.93,,147771,O39-2,2017_July_10_bivalves_78,C:\Xcalibur\Data\Collaborators\Nunn\Emma\data_378,C:\Xcalibur\Data\Collaborators\Nunn\Emma\methods\Vantage_nanoAcq_oysterYV_60min_DrM27cm,"1:D,5",2,4.29E+07
78,PRTC peptides,SSAAPPPPPR,P - y4+,y4,17.15,,148042864,O39-2,2017_July_10_bivalves_78,C:\Xcalibur\Data\Collaborators\Nunn\Emma\data_378,C:\Xcalibur\Data\Collaborators\Nunn\Emma\methods\Vantage_nanoAcq_oysterYV_60min_DrM27cm,"1:D,5",2,4.29E+07
8,CHOYP_ACAA2.1.1|m.30666,QYNLTPLAR,L - y6+,y6,26.57,,79407,O17-1,2017_July_10_bivalves_8,C:\Xcalibur\Data\Collaborators\Nunn\Emma\data_378,C:\Xcalibur\Data\Collaborators\Nunn\Emma\methods\Vantage_nanoAcq_oysterYV_60min_DrM27cm,"1:C,1",2,4.17E+07
8,CHOYP_ACAA2.1.1|m.30666,QYNLTPLAR,T - y5+,y5,26.57,,238196,O17-1,2017_July_10_bivalves_8,C:\Xcalibur\Data\Collaborators\Nunn\Emma\data_378,C:\Xcalibur\Data\Collaborators\Nunn\Emma\methods\Vantage_nanoAcq_oysterYV_60min_DrM27cm,"1:C,1",2,4.17E+07
8,PRTC peptides,SSAAPPPPPR,P - y4+,y4,17.62,,95402096,O17-1,2017_July_10_bivalves_8,C:\Xcalibur\Data\Collaborators\Nunn\Emma\data_378,C:\Xcalibur\Data\Collaborators\Nunn\Emma\methods\Vantage_nanoAcq_oysterYV_60min_DrM27cm,"1:C,1",2,4.17E+07
80,CHOYP_ACAA2.1.1|m.30666,QYNLTPLAR,L - y6+,y6,25.9,,162017,O128-2,2017_July_10_bivalves_80,C:\Xcalibur\Data\Collaborators\Nunn\Emma\data_378,C:\Xcalibur\Data\Collaborators\Nunn\Emma\methods\Vantage_nanoAcq_oysterYV_60min_DrM27cm,"1:E,1",2,4.29E+07
80,CHOYP_ACAA2.1.1|m.30666,QYNLTPLAR,T - y5+,y5,25.9,,377375,O128-2,2017_July_10_bivalves_80,C:\Xcalibur\Data\Collaborators\Nunn\Emma\data_378,C:\Xcalibur\Data\Collaborators\Nunn\Emma\methods\Vantage_nanoAcq_oysterYV_60min_DrM27cm,"1:E,1",2,4.29E+07
80,PRTC peptides,SSAAPPPPPR,P - y4+,y4,17.29,,137808896,O128-2,2017_July_10_bivalves_80,C:\Xcalibur\Data\Collaborators\Nunn\Emma\data_378,C:\Xcalibur\Data\Collaborators\Nunn\Emma\methods\Vantage_nanoAcq_oysterYV_60min_DrM27cm,"1:E,1",2,4.29E+07
81,CHOYP_ACAA2.1.1|m.30666,QYNLTPLAR,L - y6+,y6,25.89,,161860,O103-2,2017_July_10_bivalves_81,C:\Xcalibur\Data\Collaborators\Nunn\Emma\data_378,C:\Xcalibur\Data\Collaborators\Nunn\Emma\methods\Vantage_nanoAcq_oysterYV_60min_DrM27cm,"1:E,2",2,4.29E+07
81,CHOYP_ACAA2.1.1|m.30666,QYNLTPLAR,T - y5+,y5,25.89,,383825,O103-2,2017_July_10_bivalves_81,C:\Xcalibur\Data\Collaborators\Nunn\Emma\data_378,C:\Xcalibur\Data\Collaborators\Nunn\Emma\methods\Vantage_nanoAcq_oysterYV_60min_DrM27cm,"1:E,2",2,4.29E+07
81,PRTC peptides,SSAAPPPPPR,P - y4+,y4,17.32,,133307016,O103-2,2017_July_10_bivalves_81,C:\Xcalibur\Data\Collaborators\Nunn\Emma\data_378,C:\Xcalibur\Data\Collaborators\Nunn\Emma\methods\Vantage_nanoAcq_oysterYV_60min_DrM27cm,"1:E,2",2,4.29E+07
85,CHOYP_ACAA2.1.1|m.30666,QYNLTPLAR,L - y6+,y6,25.79,,96299,O14-2,2017_July_10_bivalves_85,C:\Xcalibur\Data\Collaborators\Nunn\Emma\data_378,C:\Xcalibur\Data\Collaborators\Nunn\Emma\methods\Vantage_nanoAcq_oysterYV_60min_DrM27cm,"1:E,3",2,4.29E+07
85,CHOYP_ACAA2.1.1|m.30666,QYNLTPLAR,T - y5+,y5,25.79,,205250,O14-2,2017_July_10_bivalves_85,C:\Xcalibur\Data\Collaborators\Nunn\Emma\data_378,C:\Xcalibur\Data\Collaborators\Nunn\Emma\methods\Vantage_nanoAcq_oysterYV_60min_DrM27cm,"1:E,3",2,4.29E+07
85,PRTC peptides,SSAAPPPPPR,P - y4+,y4,16.95,,150305968,O14-2,2017_July_10_bivalves_85,C:\Xcalibur\Data\Collaborators\Nunn\Emma\data_378,C:\Xcalibur\Data\Collaborators\Nunn\Emma\methods\Vantage_nanoAcq_oysterYV_60min_DrM27cm,"1:E,3",2,4.29E+07
9,CHOYP_ACAA2.1.1|m.30666,QYNLTPLAR,L - y6+,y6,26.3,,56154,O14-1,2017_July_10_bivalves_9,C:\Xcalibur\Data\Collaborators\Nunn\Emma\data_378,C:\Xcalibur\Data\Collaborators\Nunn\Emma\methods\Vantage_nanoAcq_oysterYV_60min_DrM27cm,"1:C,2",2,4.21E+07
9,CHOYP_ACAA2.1.1|m.30666,QYNLTPLAR,T - y5+,y5,26.3,,114051,O14-1,2017_July_10_bivalves_9,C:\Xcalibur\Data\Collaborators\Nunn\Emma\data_378,C:\Xcalibur\Data\Collaborators\Nunn\Emma\methods\Vantage_nanoAcq_oysterYV_60min_DrM27cm,"1:C,2",2,4.21E+07
9,PRTC peptides,SSAAPPPPPR,P - y4+,y4,17.48,,93140720,O14-1,2017_July_10_bivalves_9,C:\Xcalibur\Data\Collaborators\Nunn\Emma\data_378,C:\Xcalibur\Data\Collaborators\Nunn\Emma\methods\Vantage_nanoAcq_oysterYV_60min_DrM27cm,"1:C,2",2,4.21E+07
94,CHOYP_ACAA2.1.1|m.30666,QYNLTPLAR,L - y6+,y6,25.93,,65760,O04-2,2017_July_10_bivalves_94,C:\Xcalibur\Data\Collaborators\Nunn\Emma\data_378,C:\Xcalibur\Data\Collaborators\Nunn\Emma\methods\Vantage_nanoAcq_oysterYV_60min_DrM27cm,"1:F,2",2,4.29E+07
94,CHOYP_ACAA2.1.1|m.30666,QYNLTPLAR,T - y5+,y5,25.93,,171451,O04-2,2017_July_10_bivalves_94,C:\Xcalibur\Data\Collaborators\Nunn\Emma\data_378,C:\Xcalibur\Data\Collaborators\Nunn\Emma\methods\Vantage_nanoAcq_oysterYV_60min_DrM27cm,"1:F,2",2,4.29E+07
94,PRTC peptides,SSAAPPPPPR,P - y4+,y4,17.09,,97095696,O04-2,2017_July_10_bivalves_94,C:\Xcalibur\Data\Collaborators\Nunn\Emma\data_378,C:\Xcalibur\Data\Collaborators\Nunn\Emma\methods\Vantage_nanoAcq_oysterYV_60min_DrM27cm,"1:F,2",2,4.29E+07
95,CHOYP_ACAA2.1.1|m.30666,QYNLTPLAR,L - y6+,y6,25.83,,140000,O102-2,2017_July_10_bivalves_95,C:\Xcalibur\Data\Collaborators\Nunn\Emma\data_378,C:\Xcalibur\Data\Collaborators\Nunn\Emma\methods\Vantage_nanoAcq_oysterYV_60min_DrM27cm,"1:F,3",2,4.29E+07
95,CHOYP_ACAA2.1.1|m.30666,QYNLTPLAR,T - y5+,y5,25.83,,321559,O102-2,2017_July_10_bivalves_95,C:\Xcalibur\Data\Collaborators\Nunn\Emma\data_378,C:\Xcalibur\Data\Collaborators\Nunn\Emma\methods\Vantage_nanoAcq_oysterYV_60min_DrM27cm,"1:F,3",2,4.29E+07
95,PRTC peptides,SSAAPPPPPR,P - y4+,y4,16.95,,107615352,O102-2,2017_July_10_bivalves_95,C:\Xcalibur\Data\Collaborators\Nunn\Emma\data_378,C:\Xcalibur\Data\Collaborators\Nunn\Emma\methods\Vantage_nanoAcq_oysterYV_60min_DrM27cm,"1:F,3",2,4.29E+07
96,CHOYP_ACAA2.1.1|m.30666,QYNLTPLAR,L - y6+,y6,25.96,,48581,O99-2,2017_July_10_bivalves_96,C:\Xcalibur\Data\Collaborators\Nunn\Emma\data_378,C:\Xcalibur\Data\Collaborators\Nunn\Emma\methods\Vantage_nanoAcq_oysterYV_60min_DrM27cm,"1:F,4",2,4.29E+07
96,CHOYP_ACAA2.1.1|m.30666,QYNLTPLAR,T - y5+,y5,25.96,,111007,O99-2,2017_July_10_bivalves_96,C:\Xcalibur\Data\Collaborators\Nunn\Emma\data_378,C:\Xcalibur\Data\Collaborators\Nunn\Emma\methods\Vantage_nanoAcq_oysterYV_60min_DrM27cm,"1:F,4",2,4.29E+07
96,PRTC peptides,SSAAPPPPPR,P - y4+,y4,17.08,,127154432,O99-2,2017_July_10_bivalves_96,C:\Xcalibur\Data\Collaborators\Nunn\Emma\data_378,C:\Xcalibur\Data\Collaborators\Nunn\Emma\methods\Vantage_nanoAcq_oysterYV_60min_DrM27cm,"1:F,4",2,4.29E+07
97,CHOYP_ACAA2.1.1|m.30666,QYNLTPLAR,L - y6+,y6,25.93,,45165,O08-2,2017_July_10_bivalves_97,C:\Xcalibur\Data\Collaborators\Nunn\Emma\data_378,C:\Xcalibur\Data\Collaborators\Nunn\Emma\methods\Vantage_nanoAcq_oysterYV_60min_DrM27cm,"1:F,5",2,4.29E+07
97,CHOYP_ACAA2.1.1|m.30666,QYNLTPLAR,T - y5+,y5,25.93,,94223,O08-2,2017_July_10_bivalves_97,C:\Xcalibur\Data\Collaborators\Nunn\Emma\data_378,C:\Xcalibur\Data\Collaborators\Nunn\Emma\methods\Vantage_nanoAcq_oysterYV_60min_DrM27cm,"1:F,5",2,4.29E+07
97,PRTC peptides,SSAAPPPPPR,P - y4+,y4,16.95,,111044368,O08-2,2017_July_10_bivalves_97,C:\Xcalibur\Data\Collaborators\Nunn\Emma\data_378,C:\Xcalibur\Data\Collaborators\Nunn\Emma\methods\Vantage_nanoAcq_oysterYV_60min_DrM27cm,"1:F,5",2,4.29E+07
99,CHOYP_ACAA2.1.1|m.30666,QYNLTPLAR,L - y6+,y6,25.99,,90596,O137-2,2017_July_10_bivalves_99,C:\Xcalibur\Data\Collaborators\Nunn\Emma\data_378,C:\Xcalibur\Data\Collaborators\Nunn\Emma\methods\Vantage_nanoAcq_oysterYV_60min_DrM27cm,"2:B,1",2,4.29E+07
99,CHOYP_ACAA2.1.1|m.30666,QYNLTPLAR,T - y5+,y5,25.99,,217250,O137-2,2017_July_10_bivalves_99,C:\Xcalibur\Data\Collaborators\Nunn\Emma\data_378,C:\Xcalibur\Data\Collaborators\Nunn\Emma\methods\Vantage_nanoAcq_oysterYV_60min_DrM27cm,"2:B,1",2,4.29E+07
99,PRTC peptides,SSAAPPPPPR,P - y4+,y4,17.18,,103086976,O137-2,2017_July_10_bivalves_99,C:\Xcalibur\Data\Collaborators\Nunn\Emma\data_378,C:\Xcalibur\Data\Collaborators\Nunn\Emma\methods\Vantage_nanoAcq_oysterYV_60min_DrM27cm,"2:B,1",2,4.29E+07
Replicate Name,Protein Name,Peptide Sequence,Transition,Fragment Ion,Peptide Retention Time,Total Ion Current Area,Area,Comment,filename,Path,Instrument Method,Position,Inj Vol,TIC
